t,phase,x,y,z
0.003622,INIT_POS,0.684784000,0.116189000,0.321045000
0.024399,INIT_POS,0.684750000,0.116298000,0.321065000
0.034351,INIT_POS,0.684650000,0.116516000,0.321119000
0.044343,INIT_POS,0.684513000,0.116580000,0.321140000
0.054400,INIT_POS,0.684337000,0.116514000,0.321116000
0.064347,INIT_POS,0.684079000,0.116596000,0.321117000
0.074347,INIT_POS,0.683791000,0.116564000,0.321107000
0.084346,INIT_POS,0.683483000,0.116412000,0.321056000
0.094318,INIT_POS,0.683127000,0.116469000,0.321047000
0.104318,INIT_POS,0.682744000,0.116582000,0.321082000
0.114348,INIT_POS,0.682354000,0.116502000,0.321088000
0.124342,INIT_POS,0.681941000,0.116406000,0.321064000
0.134318,INIT_POS,0.681489000,0.116403000,0.321040000
0.144315,INIT_POS,0.681018000,0.116336000,0.321007000
0.154365,INIT_POS,0.680548000,0.116194000,0.320981000
0.164352,INIT_POS,0.680066000,0.116098000,0.320946000
0.174318,INIT_POS,0.679580000,0.116027000,0.320917000
0.184316,INIT_POS,0.679081000,0.115956000,0.320866000
0.194392,INIT_POS,0.678575000,0.115877000,0.320805000
0.204353,INIT_POS,0.678063000,0.115797000,0.320720000
0.214334,INIT_POS,0.677538000,0.115741000,0.320624000
0.224340,INIT_POS,0.677022000,0.115727000,0.320594000
0.234391,INIT_POS,0.676496000,0.115704000,0.320559000
0.244345,INIT_POS,0.675980000,0.115646000,0.320518000
0.254341,INIT_POS,0.675434000,0.115618000,0.320424000
0.264305,INIT_POS,0.674887000,0.115605000,0.320345000
0.274414,INIT_POS,0.674342000,0.115579000,0.320286000
0.284281,INIT_POS,0.673776000,0.115516000,0.320172000
0.294379,INIT_POS,0.673226000,0.115459000,0.320072000
0.304266,INIT_POS,0.672686000,0.115436000,0.320019000
0.314395,INIT_POS,0.672150000,0.115418000,0.319999000
0.324285,INIT_POS,0.671635000,0.115393000,0.320013000
0.334349,INIT_POS,0.671122000,0.115380000,0.320023000
0.344330,INIT_POS,0.670620000,0.115362000,0.320045000
0.354388,INIT_POS,0.670120000,0.115360000,0.320070000
0.364350,INIT_POS,0.669618000,0.115354000,0.320090000
0.374348,INIT_POS,0.669134000,0.115330000,0.320116000
0.384307,INIT_POS,0.668640000,0.115314000,0.320122000
0.394359,INIT_POS,0.668143000,0.115325000,0.320126000
0.404305,INIT_POS,0.667642000,0.115319000,0.320119000
0.414307,INIT_POS,0.667146000,0.115306000,0.320114000
0.424304,INIT_POS,0.666644000,0.115291000,0.320103000
0.434305,INIT_POS,0.666147000,0.115279000,0.320107000
0.444302,INIT_POS,0.665632000,0.115269000,0.320075000
0.454365,INIT_POS,0.665120000,0.115265000,0.320029000
0.464312,INIT_POS,0.664599000,0.115262000,0.319979000
0.474305,INIT_POS,0.664074000,0.115268000,0.319944000
0.484336,INIT_POS,0.663539000,0.115263000,0.319893000
0.494316,INIT_POS,0.663004000,0.115246000,0.319824000
0.504334,INIT_POS,0.662477000,0.115234000,0.319781000
0.514330,INIT_POS,0.661966000,0.115215000,0.319779000
0.524315,INIT_POS,0.661466000,0.115181000,0.319792000
0.534306,INIT_POS,0.660982000,0.115137000,0.319810000
0.544318,INIT_POS,0.660507000,0.115127000,0.319844000
0.554410,INIT_POS,0.660037000,0.115138000,0.319888000
0.564344,INIT_POS,0.659575000,0.115128000,0.319934000
0.574301,INIT_POS,0.659115000,0.115107000,0.319966000
0.584309,INIT_POS,0.658660000,0.115108000,0.320020000
0.594393,INIT_POS,0.658191000,0.115109000,0.320055000
0.604319,INIT_POS,0.657713000,0.115091000,0.320057000
0.614316,INIT_POS,0.657232000,0.115074000,0.320045000
0.624299,INIT_POS,0.656746000,0.115078000,0.320039000
0.634319,INIT_POS,0.656265000,0.115077000,0.320049000
0.644305,INIT_POS,0.655770000,0.115064000,0.320023000
0.654377,INIT_POS,0.655277000,0.115047000,0.319984000
0.664342,INIT_POS,0.654774000,0.115048000,0.319943000
0.674343,INIT_POS,0.654260000,0.115051000,0.319898000
0.684341,INIT_POS,0.653731000,0.115048000,0.319843000
0.694335,INIT_POS,0.653205000,0.115045000,0.319792000
0.704302,INIT_POS,0.652660000,0.115046000,0.319721000
0.714315,INIT_POS,0.652129000,0.115030000,0.319663000
0.724338,INIT_POS,0.651612000,0.115015000,0.319647000
0.734303,INIT_POS,0.651109000,0.114987000,0.319653000
0.744308,INIT_POS,0.650617000,0.114962000,0.319667000
0.754366,INIT_POS,0.650137000,0.114950000,0.319694000
0.764352,INIT_POS,0.649651000,0.114940000,0.319712000
0.774347,INIT_POS,0.649185000,0.114926000,0.319759000
0.784337,INIT_POS,0.648699000,0.114925000,0.319783000
0.794393,INIT_POS,0.648224000,0.114914000,0.319818000
0.804352,INIT_POS,0.647750000,0.114895000,0.319851000
0.814305,INIT_POS,0.647261000,0.114889000,0.319858000
0.824305,INIT_POS,0.646764000,0.114889000,0.319846000
0.834326,INIT_POS,0.646273000,0.114877000,0.319839000
0.844316,INIT_POS,0.645776000,0.114870000,0.319823000
0.854385,INIT_POS,0.645276000,0.114866000,0.319808000
0.864314,INIT_POS,0.644771000,0.114863000,0.319777000
0.874371,INIT_POS,0.644262000,0.114861000,0.319736000
0.884348,INIT_POS,0.643750000,0.114849000,0.319706000
0.894314,INIT_POS,0.643219000,0.114844000,0.319664000
0.904302,INIT_POS,0.642678000,0.114839000,0.319607000
0.914314,INIT_POS,0.642135000,0.114838000,0.319545000
0.924316,INIT_POS,0.641580000,0.114833000,0.319466000
0.934305,INIT_POS,0.641029000,0.114819000,0.319400000
0.944305,INIT_POS,0.640494000,0.114800000,0.319367000
0.954371,INIT_POS,0.639967000,0.114777000,0.319330000
0.964340,INIT_POS,0.639452000,0.114770000,0.319312000
0.974303,INIT_POS,0.638958000,0.114757000,0.319323000
0.984342,INIT_POS,0.638467000,0.114730000,0.319323000
0.994344,INIT_POS,0.637984000,0.114722000,0.319337000
1.004297,INIT_POS,0.637500000,0.114732000,0.319361000
1.014270,INIT_POS,0.637015000,0.114733000,0.319377000
1.024282,INIT_POS,0.636535000,0.114710000,0.319382000
1.034390,INIT_POS,0.636052000,0.114696000,0.319378000
1.044269,INIT_POS,0.635558000,0.114687000,0.319359000
1.054468,INIT_POS,0.635069000,0.114686000,0.319356000
1.064278,INIT_POS,0.634585000,0.114680000,0.319360000
1.074400,INIT_POS,0.634085000,0.114656000,0.319326000
1.084266,INIT_POS,0.633577000,0.114651000,0.319296000
1.094357,INIT_POS,0.633068000,0.114654000,0.319278000
1.104356,INIT_POS,0.632552000,0.114651000,0.319253000
1.114319,INIT_POS,0.632032000,0.114648000,0.319223000
1.124348,INIT_POS,0.631494000,0.114634000,0.319164000
1.134305,INIT_POS,0.630960000,0.114624000,0.319113000
1.144347,INIT_POS,0.630425000,0.114636000,0.319071000
1.154407,INIT_POS,0.629886000,0.114632000,0.319027000
1.164366,INIT_POS,0.629359000,0.114613000,0.318991000
1.174356,INIT_POS,0.628851000,0.114585000,0.318981000
1.184319,INIT_POS,0.628356000,0.114574000,0.318992000
1.194356,INIT_POS,0.627873000,0.114564000,0.319016000
1.204411,INIT_POS,0.627407000,0.114550000,0.319050000
1.214352,INIT_POS,0.626940000,0.114548000,0.319082000
1.224349,INIT_POS,0.626492000,0.114546000,0.319151000
1.234319,INIT_POS,0.626020000,0.114545000,0.319185000
1.244317,INIT_POS,0.625552000,0.114526000,0.319202000
1.254368,INIT_POS,0.625088000,0.114508000,0.319222000
1.264356,INIT_POS,0.624608000,0.114505000,0.319231000
1.274369,INIT_POS,0.624126000,0.114503000,0.319248000
1.284316,INIT_POS,0.623634000,0.114499000,0.319242000
1.294320,INIT_POS,0.623141000,0.114483000,0.319226000
1.304314,INIT_POS,0.622639000,0.114479000,0.319210000
1.314319,INIT_POS,0.622141000,0.114469000,0.319202000
1.324353,INIT_POS,0.621640000,0.114461000,0.319195000
1.334335,INIT_POS,0.621137000,0.114451000,0.319172000
1.344317,INIT_POS,0.620636000,0.114436000,0.319156000
1.354393,INIT_POS,0.620110000,0.114423000,0.319107000
1.364366,INIT_POS,0.619589000,0.114421000,0.319076000
1.374315,INIT_POS,0.619059000,0.114421000,0.319033000
1.384340,INIT_POS,0.618538000,0.114403000,0.318990000
1.394341,INIT_POS,0.618022000,0.114387000,0.318960000
1.404404,INIT_POS,0.617529000,0.114363000,0.318952000
1.414352,INIT_POS,0.617051000,0.114341000,0.318959000
1.424315,INIT_POS,0.616580000,0.114332000,0.318970000
1.434300,INIT_POS,0.616119000,0.114329000,0.318995000
1.444312,INIT_POS,0.615660000,0.114327000,0.319028000
1.454370,INIT_POS,0.615207000,0.114315000,0.319065000
1.464319,INIT_POS,0.614740000,0.114295000,0.319068000
1.474335,INIT_POS,0.614272000,0.114291000,0.319080000
1.484314,INIT_POS,0.613800000,0.114284000,0.319087000
1.494346,INIT_POS,0.613308000,0.114277000,0.319073000
1.504318,INIT_POS,0.612810000,0.114267000,0.319045000
1.514312,INIT_POS,0.612303000,0.114257000,0.319006000
1.524379,INIT_POS,0.611787000,0.114256000,0.318972000
1.534318,INIT_POS,0.611263000,0.114259000,0.318945000
1.544312,INIT_POS,0.610736000,0.114253000,0.318913000
1.554370,INIT_POS,0.610205000,0.114243000,0.318854000
1.564347,INIT_POS,0.609678000,0.114232000,0.318813000
1.574347,INIT_POS,0.609149000,0.114224000,0.318784000
1.584344,INIT_POS,0.608602000,0.114223000,0.318738000
1.594312,INIT_POS,0.608068000,0.114218000,0.318708000
1.604369,INIT_POS,0.607530000,0.114206000,0.318658000
1.614316,INIT_POS,0.606995000,0.114196000,0.318615000
1.624333,INIT_POS,0.606475000,0.114183000,0.318598000
1.634314,INIT_POS,0.605964000,0.114165000,0.318589000
1.644333,INIT_POS,0.605481000,0.114135000,0.318601000
1.654354,INIT_POS,0.604996000,0.114124000,0.318612000
1.664315,INIT_POS,0.604528000,0.114121000,0.318651000
1.674344,INIT_POS,0.604061000,0.114111000,0.318682000
1.684314,INIT_POS,0.603599000,0.114104000,0.318723000
1.694313,INIT_POS,0.603122000,0.114098000,0.318742000
1.704341,INIT_POS,0.602639000,0.114091000,0.318759000
1.714341,INIT_POS,0.602160000,0.114078000,0.318785000
1.724316,INIT_POS,0.601669000,0.114074000,0.318788000
1.734341,INIT_POS,0.601156000,0.114073000,0.318768000
1.744340,INIT_POS,0.600664000,0.114069000,0.318776000
1.754375,INIT_POS,0.600141000,0.114059000,0.318754000
1.764315,INIT_POS,0.599628000,0.114052000,0.318745000
1.774321,INIT_POS,0.599101000,0.114048000,0.318718000
1.784454,INIT_POS,0.598575000,0.114045000,0.318694000
1.794286,INIT_POS,0.598050000,0.114037000,0.318666000
1.804307,INIT_POS,0.597529000,0.114012000,0.318638000
1.814467,INIT_POS,0.596995000,0.114003000,0.318595000
1.824265,INIT_POS,0.596453000,0.114009000,0.318547000
1.834376,INIT_POS,0.595920000,0.114001000,0.318498000
1.844304,INIT_POS,0.595373000,0.113988000,0.318421000
1.854547,INIT_POS,0.594835000,0.113976000,0.318359000
1.864268,INIT_POS,0.594317000,0.113966000,0.318324000
1.874378,INIT_POS,0.593810000,0.113938000,0.318290000
1.884258,INIT_POS,0.593323000,0.113920000,0.318279000
1.894348,INIT_POS,0.592833000,0.113915000,0.318266000
1.904353,INIT_POS,0.592365000,0.113903000,0.318273000
1.914332,INIT_POS,0.591902000,0.113893000,0.318288000
1.924350,INIT_POS,0.591445000,0.113871000,0.318313000
1.934294,INIT_POS,0.590970000,0.113856000,0.318314000
1.944272,INIT_POS,0.590493000,0.113856000,0.318317000
1.954306,INIT_POS,0.590017000,0.113855000,0.318326000
1.964302,INIT_POS,0.589534000,0.113842000,0.318326000
1.974276,INIT_POS,0.589039000,0.113843000,0.318328000
1.984267,INIT_POS,0.588538000,0.113834000,0.318321000
1.994271,INIT_POS,0.588033000,0.113818000,0.318296000
2.004315,INIT_POS,0.587538000,0.113811000,0.318293000
2.014303,INIT_POS,0.587025000,0.113814000,0.318281000
2.024311,INIT_POS,0.586526000,0.113807000,0.318281000
2.034295,INIT_POS,0.586022000,0.113808000,0.318273000
2.044267,INIT_POS,0.585516000,0.113807000,0.318259000
2.054345,INIT_POS,0.585000000,0.113796000,0.318232000
2.064273,INIT_POS,0.584482000,0.113784000,0.318202000
2.074264,INIT_POS,0.583971000,0.113780000,0.318177000
2.084263,INIT_POS,0.583449000,0.113777000,0.318131000
2.094305,INIT_POS,0.582935000,0.113775000,0.318097000
2.104264,INIT_POS,0.582438000,0.113762000,0.318083000
2.114286,INIT_POS,0.581945000,0.113746000,0.318068000
2.124260,INIT_POS,0.581470000,0.113728000,0.318067000
2.134283,INIT_POS,0.580999000,0.113719000,0.318077000
2.144261,INIT_POS,0.580541000,0.113713000,0.318108000
2.154352,INIT_POS,0.580085000,0.113703000,0.318146000
2.164304,INIT_POS,0.579629000,0.113691000,0.318190000
2.174340,INIT_POS,0.579160000,0.113677000,0.318212000
2.184263,INIT_POS,0.578690000,0.113668000,0.318238000
2.194295,INIT_POS,0.578220000,0.113653000,0.318267000
2.204317,INIT_POS,0.577738000,0.113644000,0.318289000
2.214304,INIT_POS,0.577240000,0.113640000,0.318301000
2.224308,INIT_POS,0.576737000,0.113629000,0.318294000
2.234275,INIT_POS,0.576234000,0.113614000,0.318288000
2.244269,INIT_POS,0.575720000,0.113608000,0.318278000
2.254302,INIT_POS,0.575208000,0.113604000,0.318273000
2.264288,INIT_POS,0.574689000,0.113606000,0.318250000
2.274285,INIT_POS,0.574182000,0.113601000,0.318234000
2.284278,INIT_POS,0.573674000,0.113591000,0.318216000
2.294311,INIT_POS,0.573155000,0.113575000,0.318176000
2.304266,INIT_POS,0.572636000,0.113568000,0.318125000
2.314285,INIT_POS,0.572120000,0.113567000,0.318087000
2.324262,INIT_POS,0.571599000,0.113568000,0.318041000
2.334273,INIT_POS,0.571075000,0.113568000,0.318000000
2.344260,INIT_POS,0.570555000,0.113560000,0.317961000
2.354311,INIT_POS,0.570048000,0.113536000,0.317926000
2.364300,INIT_POS,0.569552000,0.113509000,0.317897000
2.374292,INIT_POS,0.569063000,0.113496000,0.317887000
2.384262,INIT_POS,0.568584000,0.113489000,0.317896000
2.394297,INIT_POS,0.568112000,0.113476000,0.317909000
2.404295,INIT_POS,0.567636000,0.113467000,0.317920000
2.414365,INIT_POS,0.567154000,0.113454000,0.317927000
2.424289,INIT_POS,0.566655000,0.113449000,0.317921000
2.434280,INIT_POS,0.566156000,0.113445000,0.317930000
2.444265,INIT_POS,0.565650000,0.113428000,0.317919000
2.454312,INIT_POS,0.565131000,0.113424000,0.317898000
2.464268,INIT_POS,0.564613000,0.113412000,0.317878000
2.474272,INIT_POS,0.564089000,0.113409000,0.317856000
2.484277,INIT_POS,0.563577000,0.113403000,0.317850000
2.494313,INIT_POS,0.563053000,0.113404000,0.317823000
2.504270,INIT_POS,0.562538000,0.113395000,0.317799000
2.514271,INIT_POS,0.562031000,0.113392000,0.317787000
2.524265,INIT_POS,0.561537000,0.113387000,0.317785000
2.534288,INIT_POS,0.561024000,0.113375000,0.317761000
2.544278,INIT_POS,0.560500000,0.113369000,0.317718000
2.554345,INIT_POS,0.559988000,0.113356000,0.317693000
2.564273,INIT_POS,0.559469000,0.113347000,0.317651000
2.574274,INIT_POS,0.558942000,0.113341000,0.317599000
2.584269,INIT_POS,0.558424000,0.113333000,0.317559000
2.594288,INIT_POS,0.557913000,0.113324000,0.317528000
2.604273,INIT_POS,0.557413000,0.113313000,0.317515000
2.614337,INIT_POS,0.556924000,0.113294000,0.317516000
2.624299,INIT_POS,0.556441000,0.113275000,0.317522000
2.634265,INIT_POS,0.555958000,0.113274000,0.317538000
2.644283,INIT_POS,0.555485000,0.113265000,0.317566000
2.654299,INIT_POS,0.555018000,0.113249000,0.317607000
2.664322,INIT_POS,0.554539000,0.113237000,0.317638000
2.674268,INIT_POS,0.554051000,0.113223000,0.317653000
2.684275,INIT_POS,0.553567000,0.113211000,0.317669000
2.694268,INIT_POS,0.553071000,0.113207000,0.317672000
2.704293,INIT_POS,0.552559000,0.113201000,0.317669000
2.714262,INIT_POS,0.552049000,0.113199000,0.317669000
2.724264,INIT_POS,0.551529000,0.113190000,0.317641000
2.734260,INIT_POS,0.551013000,0.113182000,0.317610000
2.744261,INIT_POS,0.550494000,0.113183000,0.317576000
2.754295,INIT_POS,0.549977000,0.113187000,0.317546000
2.764357,INIT_POS,0.549465000,0.113188000,0.317519000
2.774268,INIT_POS,0.548957000,0.113182000,0.317491000
2.784263,INIT_POS,0.548445000,0.113174000,0.317460000
2.794277,INIT_POS,0.547923000,0.113167000,0.317412000
2.804302,INIT_POS,0.547398000,0.113159000,0.317359000
2.814327,INIT_POS,0.546883000,0.113155000,0.317316000
2.824297,INIT_POS,0.546358000,0.113150000,0.317260000
2.834274,INIT_POS,0.545849000,0.113133000,0.317223000
2.844266,INIT_POS,0.545344000,0.113113000,0.317192000
2.854332,INIT_POS,0.544844000,0.113093000,0.317170000
2.864274,INIT_POS,0.544366000,0.113073000,0.317174000
2.874289,INIT_POS,0.543887000,0.113056000,0.317180000
2.884285,INIT_POS,0.543420000,0.113045000,0.317210000
2.894263,INIT_POS,0.542966000,0.113040000,0.317262000
2.904271,INIT_POS,0.542508000,0.113032000,0.317316000
2.914261,INIT_POS,0.542046000,0.113022000,0.317356000
2.924272,INIT_POS,0.541574000,0.113006000,0.317379000
2.934262,INIT_POS,0.541115000,0.112998000,0.317427000
2.944276,INIT_POS,0.540636000,0.113002000,0.317456000
2.954287,INIT_POS,0.540144000,0.112996000,0.317461000
2.964301,INIT_POS,0.539650000,0.112988000,0.317460000
2.974267,INIT_POS,0.539144000,0.112983000,0.317446000
2.984265,INIT_POS,0.538636000,0.112984000,0.317430000
2.994274,INIT_POS,0.538140000,0.112979000,0.317419000
3.004261,INIT_POS,0.537632000,0.112976000,0.317388000
3.014337,INIT_POS,0.537140000,0.112974000,0.317376000
3.024277,INIT_POS,0.536640000,0.112972000,0.317345000
3.034267,INIT_POS,0.536138000,0.112964000,0.317314000
3.044260,INIT_POS,0.535628000,0.112960000,0.317275000
3.054306,INIT_POS,0.535111000,0.112959000,0.317231000
3.064299,INIT_POS,0.534590000,0.112958000,0.317187000
3.074289,INIT_POS,0.534074000,0.112956000,0.317151000
3.084270,INIT_POS,0.533553000,0.112947000,0.317112000
3.094278,INIT_POS,0.533039000,0.112926000,0.317082000
3.104258,INIT_POS,0.532539000,0.112908000,0.317071000
3.114275,INIT_POS,0.532051000,0.112889000,0.317075000
3.124261,INIT_POS,0.531573000,0.112864000,0.317090000
3.134349,INIT_POS,0.531100000,0.112850000,0.317116000
3.144266,INIT_POS,0.530640000,0.112837000,0.317159000
3.154316,INIT_POS,0.530182000,0.112817000,0.317203000
3.164262,INIT_POS,0.529717000,0.112798000,0.317240000
3.174307,INIT_POS,0.529248000,0.112786000,0.317275000
3.184309,INIT_POS,0.528773000,0.112775000,0.317297000
3.194278,INIT_POS,0.528294000,0.112764000,0.317307000
3.204290,INIT_POS,0.527808000,0.112753000,0.317304000
3.214337,INIT_POS,0.527312000,0.112746000,0.317291000
3.224288,INIT_POS,0.526807000,0.112742000,0.317269000
3.234297,INIT_POS,0.526304000,0.112743000,0.317246000
3.244262,INIT_POS,0.525803000,0.112746000,0.317224000
3.254350,INIT_POS,0.525291000,0.112745000,0.317195000
3.264274,INIT_POS,0.524766000,0.112744000,0.317144000
3.274306,INIT_POS,0.524256000,0.112740000,0.317109000
3.284258,INIT_POS,0.523743000,0.112737000,0.317075000
3.294295,INIT_POS,0.523230000,0.112722000,0.317032000
3.304262,INIT_POS,0.522696000,0.112712000,0.316972000
3.314287,INIT_POS,0.522167000,0.112705000,0.316918000
3.324286,INIT_POS,0.521633000,0.112701000,0.316860000
3.334300,INIT_POS,0.521100000,0.112695000,0.316809000
3.344258,INIT_POS,0.520557000,0.112690000,0.316761000
3.354351,INIT_POS,0.520024000,0.112679000,0.316727000
3.364276,INIT_POS,0.519498000,0.112659000,0.316701000
3.374283,INIT_POS,0.518995000,0.112639000,0.316690000
3.384259,INIT_POS,0.518494000,0.112626000,0.316690000
3.394274,INIT_POS,0.518011000,0.112619000,0.316717000
3.404287,INIT_POS,0.517544000,0.112600000,0.316759000
3.414337,INIT_POS,0.517074000,0.112582000,0.316792000
3.424302,INIT_POS,0.516601000,0.112571000,0.316820000
3.434277,INIT_POS,0.516124000,0.112559000,0.316845000
3.444289,INIT_POS,0.515642000,0.112549000,0.316863000
3.454381,INIT_POS,0.515157000,0.112541000,0.316871000
3.464300,INIT_POS,0.514665000,0.112533000,0.316869000
3.474297,INIT_POS,0.514170000,0.112530000,0.316871000
3.484273,INIT_POS,0.513662000,0.112532000,0.316859000
3.494278,INIT_POS,0.513153000,0.112528000,0.316833000
3.504271,INIT_POS,0.512639000,0.112527000,0.316796000
3.514281,INIT_POS,0.512133000,0.112527000,0.316773000
3.524273,INIT_POS,0.511613000,0.112530000,0.316741000
3.534275,INIT_POS,0.511105000,0.112526000,0.316723000
3.544269,INIT_POS,0.510595000,0.112520000,0.316704000
3.554321,INIT_POS,0.510074000,0.112511000,0.316672000
3.564277,INIT_POS,0.509547000,0.112502000,0.316635000
3.574289,INIT_POS,0.509027000,0.112489000,0.316602000
3.584273,INIT_POS,0.508503000,0.112478000,0.316573000
3.594302,INIT_POS,0.507977000,0.112469000,0.316545000
3.604290,INIT_POS,0.507451000,0.112459000,0.316515000
3.614344,INIT_POS,0.506931000,0.112444000,0.316491000
3.624303,INIT_POS,0.506423000,0.112425000,0.316480000
3.634283,INIT_POS,0.505920000,0.112405000,0.316475000
3.644306,INIT_POS,0.505436000,0.112385000,0.316485000
3.654317,INIT_POS,0.504993000,0.112374000,0.316483000
3.664307,INIT_POS,0.504483000,0.112360000,0.316511000
3.674286,INIT_POS,0.504020000,0.112347000,0.316533000
3.684285,INIT_POS,0.503556000,0.112336000,0.316549000
3.694285,INIT_POS,0.503129000,0.112330000,0.316558000
3.704274,INIT_POS,0.502603000,0.112330000,0.316558000
3.714335,INIT_POS,0.502120000,0.112325000,0.316554000
3.724294,INIT_POS,0.501626000,0.112325000,0.316537000
3.734346,INIT_POS,0.501130000,0.112323000,0.316516000
3.744305,INIT_POS,0.500626000,0.112321000,0.316486000
3.754371,INIT_POS,0.500111000,0.112317000,0.316430000
3.764309,INIT_POS,0.499609000,0.112313000,0.316400000
3.774329,INIT_POS,0.499098000,0.112312000,0.316368000
3.784318,INIT_POS,0.498589000,0.112307000,0.316340000
3.794295,INIT_POS,0.498081000,0.112299000,0.316309000
3.804288,INIT_POS,0.497581000,0.112288000,0.316291000
3.814318,INIT_POS,0.497071000,0.112282000,0.316273000
3.824325,INIT_POS,0.496560000,0.112277000,0.316260000
3.834266,INIT_POS,0.496043000,0.112269000,0.316242000
3.844317,INIT_POS,0.495529000,0.112262000,0.316223000
3.854344,INIT_POS,0.495017000,0.112251000,0.316207000
3.864316,INIT_POS,0.494512000,0.112243000,0.316207000
3.874311,INIT_POS,0.494015000,0.112230000,0.316216000
3.884294,INIT_POS,0.493524000,0.112217000,0.316226000
3.894304,INIT_POS,0.493043000,0.112196000,0.316237000
3.904282,INIT_POS,0.492582000,0.112177000,0.316264000
3.914277,INIT_POS,0.492118000,0.112163000,0.316291000
3.924281,INIT_POS,0.491664000,0.112152000,0.316329000
3.934261,INIT_POS,0.491224000,0.112143000,0.316379000
3.944279,INIT_POS,0.490773000,0.112136000,0.316414000
3.954337,INIT_POS,0.490315000,0.112130000,0.316441000
3.964310,INIT_POS,0.489855000,0.112123000,0.316460000
3.974286,INIT_POS,0.489382000,0.112125000,0.316468000
3.984278,INIT_POS,0.488914000,0.112127000,0.316479000
3.994276,INIT_POS,0.488417000,0.112128000,0.316464000
4.004290,INIT_POS,0.487915000,0.112127000,0.316446000
4.014317,INIT_POS,0.487402000,0.112128000,0.316424000
4.024355,INIT_POS,0.486885000,0.112131000,0.316401000
4.034298,INIT_POS,0.486366000,0.112130000,0.316374000
4.044281,INIT_POS,0.485841000,0.112130000,0.316343000
4.054310,INIT_POS,0.485322000,0.112130000,0.316327000
4.064306,INIT_POS,0.484807000,0.112127000,0.316325000
4.074266,INIT_POS,0.484287000,0.112123000,0.316318000
4.084274,INIT_POS,0.483759000,0.112108000,0.316287000
4.094282,INIT_POS,0.483230000,0.112095000,0.316259000
4.104340,INIT_POS,0.482699000,0.112085000,0.316229000
4.114303,INIT_POS,0.482170000,0.112073000,0.316204000
4.124278,INIT_POS,0.481643000,0.112061000,0.316171000
4.134281,INIT_POS,0.481119000,0.112045000,0.316135000
4.144274,INIT_POS,0.480603000,0.112024000,0.316101000
4.154350,INIT_POS,0.480099000,0.112009000,0.316078000
4.164290,INIT_POS,0.479607000,0.111998000,0.316070000
4.174262,INIT_POS,0.479129000,0.111989000,0.316069000
4.184278,INIT_POS,0.478654000,0.111982000,0.316068000
4.194287,INIT_POS,0.478190000,0.111977000,0.316079000
4.204287,INIT_POS,0.477732000,0.111973000,0.316091000
4.214290,INIT_POS,0.477265000,0.111974000,0.316099000
4.224355,INIT_POS,0.476788000,0.111975000,0.316100000
4.234313,INIT_POS,0.476303000,0.111973000,0.316090000
4.244268,INIT_POS,0.475811000,0.111967000,0.316070000
4.254348,INIT_POS,0.475309000,0.111963000,0.316048000
4.264274,INIT_POS,0.474802000,0.111956000,0.316016000
4.274274,INIT_POS,0.474283000,0.111955000,0.315980000
4.284262,INIT_POS,0.473756000,0.111953000,0.315941000
4.294259,INIT_POS,0.473227000,0.111952000,0.315907000
4.304272,INIT_POS,0.472694000,0.111951000,0.315874000
4.314260,INIT_POS,0.472167000,0.111948000,0.315843000
4.324261,INIT_POS,0.471636000,0.111942000,0.315811000
4.334278,INIT_POS,0.471118000,0.111935000,0.315795000
4.344265,INIT_POS,0.470603000,0.111925000,0.315781000
4.354360,INIT_POS,0.470080000,0.111914000,0.315760000
4.364300,INIT_POS,0.469557000,0.111904000,0.315732000
4.374278,INIT_POS,0.469040000,0.111894000,0.315705000
4.384267,INIT_POS,0.468507000,0.111889000,0.315665000
4.394287,INIT_POS,0.467996000,0.111880000,0.315645000
4.404271,INIT_POS,0.467484000,0.111868000,0.315621000
4.414259,INIT_POS,0.466971000,0.111857000,0.315591000
4.424373,INIT_POS,0.466475000,0.111841000,0.315578000
4.434272,INIT_POS,0.465975000,0.111825000,0.315556000
4.444283,INIT_POS,0.465501000,0.111811000,0.315556000
4.454290,INIT_POS,0.465023000,0.111801000,0.315556000
4.464275,INIT_POS,0.464553000,0.111793000,0.315569000
4.474273,INIT_POS,0.464091000,0.111783000,0.315589000
4.484281,INIT_POS,0.463623000,0.111770000,0.315606000
4.494282,INIT_POS,0.463144000,0.111762000,0.315613000
4.504261,INIT_POS,0.462669000,0.111753000,0.315631000
4.514360,INIT_POS,0.462179000,0.111743000,0.315631000
4.524440,INIT_POS,0.461685000,0.111734000,0.315632000
4.534309,INIT_POS,0.461184000,0.111730000,0.315638000
4.544439,INIT_POS,0.460679000,0.111723000,0.315638000
4.554343,INIT_POS,0.460156000,0.111716000,0.315615000
4.564357,INIT_POS,0.459646000,0.111711000,0.315606000
4.574347,INIT_POS,0.459123000,0.111706000,0.315588000
4.584334,INIT_POS,0.458609000,0.111699000,0.315579000
4.594342,INIT_POS,0.458088000,0.111692000,0.315554000
4.604342,INIT_POS,0.457574000,0.111684000,0.315532000
4.614317,INIT_POS,0.457071000,0.111677000,0.315519000
4.624387,INIT_POS,0.456556000,0.111671000,0.315490000
4.634317,INIT_POS,0.456043000,0.111666000,0.315465000
4.644322,INIT_POS,0.455533000,0.111664000,0.315436000
4.654321,INIT_POS,0.455018000,0.111666000,0.315410000
4.664299,INIT_POS,0.454498000,0.111663000,0.315374000
4.674348,INIT_POS,0.453981000,0.111655000,0.315334000
4.684299,INIT_POS,0.453462000,0.111646000,0.315294000
4.694314,INIT_POS,0.452958000,0.111637000,0.315271000
4.704320,INIT_POS,0.452458000,0.111621000,0.315251000
4.714341,INIT_POS,0.451969000,0.111605000,0.315231000
4.724309,INIT_POS,0.451488000,0.111592000,0.315223000
4.734332,INIT_POS,0.451017000,0.111584000,0.315230000
4.744389,INIT_POS,0.450550000,0.111573000,0.315247000
4.754384,INIT_POS,0.450081000,0.111561000,0.315260000
4.764305,INIT_POS,0.449605000,0.111553000,0.315275000
4.774279,INIT_POS,0.449129000,0.111550000,0.315296000
4.784349,INIT_POS,0.448652000,0.111545000,0.315309000
4.794349,INIT_POS,0.448165000,0.111538000,0.315313000
4.804317,INIT_POS,0.447677000,0.111531000,0.315319000
4.814320,INIT_POS,0.447185000,0.111527000,0.315326000
4.824412,INIT_POS,0.446683000,0.111524000,0.315321000
4.834320,INIT_POS,0.446180000,0.111522000,0.315312000
4.844319,INIT_POS,0.445679000,0.111520000,0.315306000
4.854348,INIT_POS,0.445173000,0.111515000,0.315290000
4.864357,INIT_POS,0.444682000,0.111511000,0.315288000
4.874346,INIT_POS,0.444176000,0.111510000,0.315270000
4.884314,INIT_POS,0.443685000,0.111506000,0.315263000
4.894305,INIT_POS,0.443195000,0.111500000,0.315253000
4.904349,INIT_POS,0.442696000,0.111496000,0.315234000
4.914299,INIT_POS,0.442194000,0.111495000,0.315214000
4.924281,INIT_POS,0.441695000,0.111491000,0.315193000
4.934268,INIT_POS,0.441183000,0.111488000,0.315165000
4.944271,INIT_POS,0.440679000,0.111479000,0.315146000
4.954360,INIT_POS,0.440173000,0.111468000,0.315130000
4.964275,INIT_POS,0.439664000,0.111457000,0.315112000
4.974279,INIT_POS,0.439175000,0.111443000,0.315111000
4.984268,INIT_POS,0.438683000,0.111430000,0.315111000
4.994288,INIT_POS,0.438202000,0.111420000,0.315125000
5.004266,INIT_POS,0.437741000,0.111410000,0.315160000
5.014302,INIT_POS,0.437273000,0.111402000,0.315189000
5.024303,INIT_POS,0.436867000,0.111393000,0.315228000
5.034318,INIT_POS,0.436359000,0.111385000,0.315264000
5.044270,INIT_POS,0.435886000,0.111380000,0.315288000
5.054295,INIT_POS,0.435415000,0.111374000,0.315317000
5.064308,INIT_POS,0.434981000,0.111370000,0.315322000
5.074298,INIT_POS,0.434429000,0.111367000,0.315306000
5.084317,INIT_POS,0.433938000,0.111364000,0.315297000
5.094269,INIT_POS,0.433437000,0.111363000,0.315284000
5.104303,INIT_POS,0.432922000,0.111363000,0.315257000
5.114266,INIT_POS,0.432406000,0.111361000,0.315225000
5.124271,INIT_POS,0.431902000,0.111358000,0.315199000
5.134276,INIT_POS,0.431380000,0.111356000,0.315161000
5.144294,INIT_POS,0.430868000,0.111353000,0.315129000
5.154358,INIT_POS,0.430353000,0.111349000,0.315093000
5.164277,INIT_POS,0.429850000,0.111344000,0.315071000
5.174271,INIT_POS,0.429392000,0.111337000,0.315044000
5.184304,INIT_POS,0.428821000,0.111328000,0.315004000
5.194288,INIT_POS,0.428308000,0.111321000,0.314973000
5.204275,INIT_POS,0.427789000,0.111310000,0.314936000
5.214290,INIT_POS,0.427267000,0.111302000,0.314894000
5.224280,INIT_POS,0.426748000,0.111293000,0.314866000
5.234367,INIT_POS,0.426228000,0.111286000,0.314847000
5.244301,INIT_POS,0.425714000,0.111277000,0.314834000
5.254305,INIT_POS,0.425208000,0.111266000,0.314821000
5.264300,INIT_POS,0.424711000,0.111259000,0.314819000
5.274278,INIT_POS,0.424226000,0.111250000,0.314826000
5.284361,INIT_POS,0.423753000,0.111242000,0.314847000
5.294321,INIT_POS,0.423280000,0.111235000,0.314862000
5.304341,INIT_POS,0.422820000,0.111227000,0.314886000
5.314316,INIT_POS,0.422344000,0.111220000,0.314896000
5.324342,INIT_POS,0.421869000,0.111216000,0.314908000
5.334340,INIT_POS,0.421394000,0.111215000,0.314922000
5.344317,INIT_POS,0.420903000,0.111213000,0.314911000
5.354399,INIT_POS,0.420406000,0.111209000,0.314890000
5.364352,INIT_POS,0.419909000,0.111208000,0.314873000
5.374316,INIT_POS,0.419453000,0.111206000,0.314848000
5.384318,INIT_POS,0.418881000,0.111203000,0.314807000
5.394362,INIT_POS,0.418355000,0.111202000,0.314769000
5.404353,INIT_POS,0.417876000,0.111203000,0.314736000
5.414345,INIT_POS,0.417292000,0.111205000,0.314705000
5.424317,INIT_POS,0.416754000,0.111208000,0.314671000
5.434387,INIT_POS,0.416220000,0.111209000,0.314639000
5.444357,INIT_POS,0.415697000,0.111208000,0.314622000
5.454368,INIT_POS,0.415171000,0.111205000,0.314602000
5.464334,INIT_POS,0.414644000,0.111200000,0.314580000
5.474349,INIT_POS,0.414136000,0.111195000,0.314569000
5.484303,INIT_POS,0.413667000,0.111191000,0.314548000
5.494340,INIT_POS,0.413089000,0.111183000,0.314523000
5.504302,INIT_POS,0.412576000,0.111172000,0.314507000
5.514339,INIT_POS,0.412067000,0.111159000,0.314490000
5.524303,INIT_POS,0.411564000,0.111146000,0.314473000
5.534317,INIT_POS,0.411070000,0.111131000,0.314461000
5.544317,INIT_POS,0.410633000,0.111119000,0.314452000
5.554403,INIT_POS,0.410107000,0.111107000,0.314447000
5.564305,INIT_POS,0.409636000,0.111098000,0.314449000
6.100716,TOOL_JOINT_PATH,0.401545000,0.110822000,0.314962000
6.110714,TOOL_JOINT_PATH,0.401545000,0.110822000,0.314962000
6.120699,TOOL_JOINT_PATH,0.401545000,0.110822000,0.314962000
6.130706,TOOL_JOINT_PATH,0.401545000,0.110822000,0.314962000
6.140695,TOOL_JOINT_PATH,0.401545000,0.110822000,0.314962000
6.150712,TOOL_JOINT_PATH,0.401545000,0.110822000,0.314962000
6.160705,TOOL_JOINT_PATH,0.401545000,0.110822000,0.314962000
6.170714,TOOL_JOINT_PATH,0.401545000,0.110822000,0.314962000
6.180703,TOOL_JOINT_PATH,0.401545000,0.110822000,0.314962000
6.190707,TOOL_JOINT_PATH,0.401545000,0.110822000,0.314962000
6.200692,TOOL_JOINT_PATH,0.401545000,0.110822000,0.314962000
6.210714,TOOL_JOINT_PATH,0.401545000,0.110822000,0.314962000
6.220707,TOOL_JOINT_PATH,0.401545000,0.110822000,0.314962000
6.230706,TOOL_JOINT_PATH,0.401545000,0.110822000,0.314962000
6.240705,TOOL_JOINT_PATH,0.401545000,0.110822000,0.314962000
6.250717,TOOL_JOINT_PATH,0.401545000,0.110822000,0.314962000
6.260705,TOOL_JOINT_PATH,0.401545000,0.110822000,0.314962000
6.270708,TOOL_JOINT_PATH,0.401545000,0.110822000,0.314962000
6.280684,TOOL_JOINT_PATH,0.401545000,0.110822000,0.314962000
6.290724,TOOL_JOINT_PATH,0.401545000,0.110822000,0.314962000
6.300703,TOOL_JOINT_PATH,0.401545000,0.110822000,0.314962000
6.310719,TOOL_JOINT_PATH,0.401545000,0.110822000,0.314962000
6.320710,TOOL_JOINT_PATH,0.401545000,0.110822000,0.314962000
6.330703,TOOL_JOINT_PATH,0.401545000,0.110822000,0.314962000
6.340703,TOOL_JOINT_PATH,0.401545000,0.110822000,0.314962000
6.350700,TOOL_JOINT_PATH,0.401545000,0.110822000,0.314962000
6.360772,TOOL_JOINT_PATH,0.401545000,0.110822000,0.314962000
6.370749,TOOL_JOINT_PATH,0.401545000,0.110822000,0.314962000
6.380715,TOOL_JOINT_PATH,0.401545000,0.110822000,0.314962000
6.390696,TOOL_JOINT_PATH,0.401545000,0.110822000,0.314962000
6.400704,TOOL_JOINT_PATH,0.401545000,0.110822000,0.314962000
6.410719,TOOL_JOINT_PATH,0.401545000,0.110822000,0.314962000
6.420715,TOOL_JOINT_PATH,0.401545000,0.110822000,0.314962000
6.430695,TOOL_JOINT_PATH,0.401545000,0.110822000,0.314962000
6.440747,TOOL_JOINT_PATH,0.401545000,0.110822000,0.314962000
6.450696,TOOL_JOINT_PATH,0.401545000,0.110822000,0.314962000
6.460715,TOOL_JOINT_PATH,0.401545000,0.110822000,0.314962000
6.470697,TOOL_JOINT_PATH,0.401545000,0.110822000,0.314962000
6.480717,TOOL_JOINT_PATH,0.401545000,0.110822000,0.314962000
6.490712,TOOL_JOINT_PATH,0.401545000,0.110822000,0.314962000
6.500699,TOOL_JOINT_PATH,0.401545000,0.110822000,0.314962000
6.510687,TOOL_JOINT_PATH,0.401545000,0.110822000,0.314962000
6.520711,TOOL_JOINT_PATH,0.401545000,0.110822000,0.314962000
6.530685,TOOL_JOINT_PATH,0.401545000,0.110822000,0.314962000
6.540707,TOOL_JOINT_PATH,0.401545000,0.110822000,0.314962000
6.550702,TOOL_JOINT_PATH,0.401545000,0.110822000,0.314962000
6.560728,TOOL_JOINT_PATH,0.401545000,0.110822000,0.314962000
6.570712,TOOL_JOINT_PATH,0.401545000,0.110822000,0.314962000
6.580710,TOOL_JOINT_PATH,0.401545000,0.110822000,0.314962000
6.590688,TOOL_JOINT_PATH,0.401545000,0.110822000,0.314962000
6.600700,TOOL_JOINT_PATH,0.401545000,0.110822000,0.314962000
6.610715,TOOL_JOINT_PATH,0.401545000,0.110822000,0.314962000
6.620738,TOOL_JOINT_PATH,0.401545000,0.110822000,0.314962000
6.630704,TOOL_JOINT_PATH,0.401545000,0.110822000,0.314962000
6.640733,TOOL_JOINT_PATH,0.401545000,0.110822000,0.314962000
6.650698,TOOL_JOINT_PATH,0.401545000,0.110822000,0.314962000
6.660714,TOOL_JOINT_PATH,0.401545000,0.110822000,0.314962000
6.670703,TOOL_JOINT_PATH,0.401545000,0.110822000,0.314962000
6.680709,TOOL_JOINT_PATH,0.401545000,0.110822000,0.314962000
6.690723,TOOL_JOINT_PATH,0.401545000,0.110822000,0.314962000
6.700694,TOOL_JOINT_PATH,0.401545000,0.110822000,0.314962000
6.710686,TOOL_JOINT_PATH,0.401545000,0.110822000,0.314962000
6.720698,TOOL_JOINT_PATH,0.401545000,0.110822000,0.314962000
6.730684,TOOL_JOINT_PATH,0.401545000,0.110822000,0.314962000
6.740692,TOOL_JOINT_PATH,0.401545000,0.110822000,0.314962000
6.750685,TOOL_JOINT_PATH,0.401545000,0.110822000,0.314962000
6.760719,TOOL_JOINT_PATH,0.401545000,0.110822000,0.314962000
6.770746,TOOL_JOINT_PATH,0.401545000,0.110822000,0.314962000
6.780701,TOOL_JOINT_PATH,0.401545000,0.110822000,0.314962000
6.790713,TOOL_JOINT_PATH,0.401545000,0.110822000,0.314962000
6.800688,TOOL_JOINT_PATH,0.401545000,0.110822000,0.314962000
6.810705,TOOL_JOINT_PATH,0.401545000,0.110822000,0.314962000
6.820692,TOOL_JOINT_PATH,0.401545000,0.110822000,0.314962000
6.830703,TOOL_JOINT_PATH,0.401545000,0.110822000,0.314962000
6.840721,TOOL_JOINT_PATH,0.401545000,0.110822000,0.314962000
6.850733,TOOL_JOINT_PATH,0.401545000,0.110822000,0.314962000
6.860699,TOOL_JOINT_PATH,0.401545000,0.110822000,0.314962000
6.870703,TOOL_JOINT_PATH,0.401545000,0.110822000,0.314962000
6.880688,TOOL_JOINT_PATH,0.401545000,0.110822000,0.314962000
6.890697,TOOL_JOINT_PATH,0.401545000,0.110822000,0.314962000
6.900688,TOOL_JOINT_PATH,0.401545000,0.110822000,0.314962000
6.910704,TOOL_JOINT_PATH,0.401545000,0.110822000,0.314962000
6.920695,TOOL_JOINT_PATH,0.401545000,0.110822000,0.314962000
6.930713,TOOL_JOINT_PATH,0.401545000,0.110822000,0.314962000
6.940686,TOOL_JOINT_PATH,0.401545000,0.110822000,0.314962000
6.950695,TOOL_JOINT_PATH,0.401545000,0.110822000,0.314962000
6.960711,TOOL_JOINT_PATH,0.401545000,0.110822000,0.314962000
6.970703,TOOL_JOINT_PATH,0.401545000,0.110822000,0.314962000
6.980690,TOOL_JOINT_PATH,0.401545000,0.110822000,0.314962000
6.990693,TOOL_JOINT_PATH,0.401545000,0.110822000,0.314962000
7.000714,TOOL_JOINT_PATH,0.401545000,0.110822000,0.314962000
7.010704,TOOL_JOINT_PATH,0.401545000,0.110822000,0.314962000
7.020687,TOOL_JOINT_PATH,0.401545000,0.110822000,0.314962000
7.030696,TOOL_JOINT_PATH,0.401545000,0.110822000,0.314962000
7.040717,TOOL_JOINT_PATH,0.401545000,0.110822000,0.314962000
7.050703,TOOL_JOINT_PATH,0.401545000,0.110822000,0.314962000
7.060702,TOOL_JOINT_PATH,0.401545000,0.110822000,0.314962000
7.070692,TOOL_JOINT_PATH,0.401545000,0.110822000,0.314962000
7.080686,TOOL_JOINT_PATH,0.401545000,0.110822000,0.314962000
7.090691,TOOL_JOINT_PATH,0.401545000,0.110822000,0.314962000
7.100692,TOOL_JOINT_PATH,0.401545000,0.110822000,0.314962000
7.110694,TOOL_JOINT_PATH,0.401545000,0.110822000,0.314962000
7.120694,TOOL_JOINT_PATH,0.401545000,0.110822000,0.314962000
7.130702,TOOL_JOINT_PATH,0.401545000,0.110822000,0.314962000
7.140686,TOOL_JOINT_PATH,0.401545000,0.110822000,0.314962000
7.150694,TOOL_JOINT_PATH,0.401545000,0.110822000,0.314962000
7.160709,TOOL_JOINT_PATH,0.401545000,0.110822000,0.314962000
7.170704,TOOL_JOINT_PATH,0.401545000,0.110822000,0.314962000
7.180696,TOOL_JOINT_PATH,0.401545000,0.110822000,0.314962000
7.190697,TOOL_JOINT_PATH,0.401545000,0.110822000,0.314962000
7.200695,TOOL_JOINT_PATH,0.401545000,0.110822000,0.314962000
7.210697,TOOL_JOINT_PATH,0.401545000,0.110822000,0.314962000
7.220687,TOOL_JOINT_PATH,0.401545000,0.110822000,0.314962000
7.230692,TOOL_JOINT_PATH,0.401545000,0.110822000,0.314962000
7.240718,TOOL_JOINT_PATH,0.401545000,0.110822000,0.314962000
7.250721,TOOL_JOINT_PATH,0.401545000,0.110822000,0.314962000
7.260710,TOOL_JOINT_PATH,0.401545000,0.110822000,0.314962000
7.270710,TOOL_JOINT_PATH,0.401545000,0.110822000,0.314962000
7.280699,TOOL_JOINT_PATH,0.401545000,0.110822000,0.314962000
7.290712,TOOL_JOINT_PATH,0.401545000,0.110822000,0.314962000
7.300707,TOOL_JOINT_PATH,0.401545000,0.110822000,0.314962000
7.310709,TOOL_JOINT_PATH,0.401545000,0.110822000,0.314962000
7.320715,TOOL_JOINT_PATH,0.401545000,0.110822000,0.314962000
7.330718,TOOL_JOINT_PATH,0.401545000,0.110822000,0.314962000
7.340695,TOOL_JOINT_PATH,0.401545000,0.110822000,0.314962000
7.350730,TOOL_JOINT_PATH,0.401545000,0.110822000,0.314962000
7.360750,TOOL_JOINT_PATH,0.401545000,0.110822000,0.314962000
7.370723,TOOL_JOINT_PATH,0.401545000,0.110822000,0.314962000
7.380693,TOOL_JOINT_PATH,0.401545000,0.110822000,0.314962000
7.390699,TOOL_JOINT_PATH,0.401545000,0.110822000,0.314962000
7.400690,TOOL_JOINT_PATH,0.401545000,0.110822000,0.314962000
7.410701,TOOL_JOINT_PATH,0.401545000,0.110822000,0.314962000
7.420690,TOOL_JOINT_PATH,0.401545000,0.110822000,0.314962000
7.430699,TOOL_JOINT_PATH,0.401545000,0.110822000,0.314962000
7.440719,TOOL_JOINT_PATH,0.401545000,0.110822000,0.314962000
7.450709,TOOL_JOINT_PATH,0.401545000,0.110822000,0.314962000
7.460710,TOOL_JOINT_PATH,0.401545000,0.110822000,0.314962000
7.470717,TOOL_JOINT_PATH,0.401545000,0.110822000,0.314962000
7.480698,TOOL_JOINT_PATH,0.401545000,0.110822000,0.314962000
7.490710,TOOL_JOINT_PATH,0.401545000,0.110822000,0.314962000
7.500696,TOOL_JOINT_PATH,0.401545000,0.110822000,0.314962000
7.510708,TOOL_JOINT_PATH,0.401545000,0.110822000,0.314962000
7.520719,TOOL_JOINT_PATH,0.401545000,0.110822000,0.314962000
7.530704,TOOL_JOINT_PATH,0.401545000,0.110822000,0.314962000
7.540688,TOOL_JOINT_PATH,0.401545000,0.110822000,0.314962000
7.550706,TOOL_JOINT_PATH,0.401545000,0.110822000,0.314962000
7.560708,TOOL_JOINT_PATH,0.401545000,0.110822000,0.314962000
7.570701,TOOL_JOINT_PATH,0.401545000,0.110822000,0.314962000
7.580701,TOOL_JOINT_PATH,0.401545000,0.110822000,0.314962000
7.590700,TOOL_JOINT_PATH,0.401545000,0.110822000,0.314962000
7.600690,TOOL_JOINT_PATH,0.401545000,0.110822000,0.314962000
7.610702,TOOL_JOINT_PATH,0.401545000,0.110822000,0.314962000
7.620692,TOOL_JOINT_PATH,0.401545000,0.110822000,0.314962000
7.630709,TOOL_JOINT_PATH,0.401545000,0.110822000,0.314962000
7.640680,TOOL_JOINT_PATH,0.401545000,0.110822000,0.314962000
7.650738,TOOL_JOINT_PATH,0.401545000,0.110822000,0.314962000
7.660698,TOOL_JOINT_PATH,0.401545000,0.110822000,0.314962000
7.670708,TOOL_JOINT_PATH,0.401545000,0.110822000,0.314962000
7.680681,TOOL_JOINT_PATH,0.401545000,0.110822000,0.314962000
7.690706,TOOL_JOINT_PATH,0.401545000,0.110822000,0.314962000
7.700676,TOOL_JOINT_PATH,0.401545000,0.110822000,0.314962000
7.710704,TOOL_JOINT_PATH,0.401545000,0.110822000,0.314962000
7.720688,TOOL_JOINT_PATH,0.401545000,0.110822000,0.314962000
7.730710,TOOL_JOINT_PATH,0.401545000,0.110822000,0.314962000
7.740673,TOOL_JOINT_PATH,0.401545000,0.110822000,0.314962000
7.750702,TOOL_JOINT_PATH,0.401545000,0.110822000,0.314962000
7.760700,TOOL_JOINT_PATH,0.401545000,0.110822000,0.314962000
7.770712,TOOL_JOINT_PATH,0.401545000,0.110822000,0.314962000
7.780688,TOOL_JOINT_PATH,0.401545000,0.110822000,0.314962000
7.790708,TOOL_JOINT_PATH,0.401545000,0.110822000,0.314962000
7.800672,TOOL_JOINT_PATH,0.401545000,0.110822000,0.314962000
7.810704,TOOL_JOINT_PATH,0.401545000,0.110822000,0.314962000
7.820681,TOOL_JOINT_PATH,0.401545000,0.110822000,0.314962000
7.830706,TOOL_JOINT_PATH,0.401545000,0.110822000,0.314962000
7.840673,TOOL_JOINT_PATH,0.401545000,0.110822000,0.314962000
7.850751,TOOL_JOINT_PATH,0.401545000,0.110822000,0.314962000
7.860691,TOOL_JOINT_PATH,0.401545000,0.110822000,0.314962000
7.870773,TOOL_JOINT_PATH,0.401545000,0.110822000,0.314962000
7.880718,TOOL_JOINT_PATH,0.401545000,0.110822000,0.314962000
7.890749,TOOL_JOINT_PATH,0.401545000,0.110822000,0.314962000
7.900737,TOOL_JOINT_PATH,0.401545000,0.110822000,0.314962000
7.910691,TOOL_JOINT_PATH,0.401545000,0.110822000,0.314962000
7.920719,TOOL_JOINT_PATH,0.401545000,0.110822000,0.314962000
7.930684,TOOL_JOINT_PATH,0.401545000,0.110822000,0.314962000
7.940713,TOOL_JOINT_PATH,0.401545000,0.110822000,0.314962000
7.950689,TOOL_JOINT_PATH,0.401545000,0.110822000,0.314962000
7.960753,TOOL_JOINT_PATH,0.401545000,0.110822000,0.314962000
7.970726,TOOL_JOINT_PATH,0.401545000,0.110822000,0.314962000
7.980721,TOOL_JOINT_PATH,0.401545000,0.110822000,0.314962000
7.990691,TOOL_JOINT_PATH,0.401545000,0.110822000,0.314962000
8.000711,TOOL_JOINT_PATH,0.401545000,0.110822000,0.314962000
8.010690,TOOL_JOINT_PATH,0.401545000,0.110822000,0.314962000
8.020708,TOOL_JOINT_PATH,0.401545000,0.110822000,0.314962000
8.030678,TOOL_JOINT_PATH,0.401545000,0.110822000,0.314962000
8.040705,TOOL_JOINT_PATH,0.401545000,0.110822000,0.314962000
8.050729,TOOL_JOINT_PATH,0.401545000,0.110822000,0.314962000
8.060732,TOOL_JOINT_PATH,0.401545000,0.110822000,0.314962000
8.070690,TOOL_JOINT_PATH,0.401545000,0.110822000,0.314962000
8.080708,TOOL_JOINT_PATH,0.401545000,0.110822000,0.314962000
8.090687,TOOL_JOINT_PATH,0.401545000,0.110822000,0.314962000
8.100715,TOOL_JOINT_PATH,0.401545000,0.110822000,0.314962000
8.110695,TOOL_JOINT_PATH,0.401545000,0.110822000,0.314962000
8.120706,TOOL_JOINT_PATH,0.401545000,0.110822000,0.314962000
8.130708,TOOL_JOINT_PATH,0.401545000,0.110822000,0.314962000
8.140704,TOOL_JOINT_PATH,0.401545000,0.110822000,0.314962000
8.150698,TOOL_JOINT_PATH,0.401545000,0.110822000,0.314962000
8.160716,TOOL_JOINT_PATH,0.401545000,0.110822000,0.314962000
8.170699,TOOL_JOINT_PATH,0.401545000,0.110822000,0.314962000
8.180748,TOOL_JOINT_PATH,0.401545000,0.110822000,0.314962000
8.190688,TOOL_JOINT_PATH,0.401545000,0.110822000,0.314962000
8.200717,TOOL_JOINT_PATH,0.401545000,0.110822000,0.314962000
8.210696,TOOL_JOINT_PATH,0.401545000,0.110822000,0.314962000
8.220714,TOOL_JOINT_PATH,0.401545000,0.110822000,0.314962000
8.230693,TOOL_JOINT_PATH,0.401545000,0.110822000,0.314962000
8.240705,TOOL_JOINT_PATH,0.401545000,0.110822000,0.314962000
8.250733,TOOL_JOINT_PATH,0.401545000,0.110822000,0.314962000
8.260726,TOOL_JOINT_PATH,0.401545000,0.110822000,0.314962000
8.270702,TOOL_JOINT_PATH,0.401545000,0.110822000,0.314962000
8.280714,TOOL_JOINT_PATH,0.401545000,0.110822000,0.314962000
8.290775,TOOL_JOINT_PATH,0.401545000,0.110822000,0.314962000
8.300697,TOOL_JOINT_PATH,0.401545000,0.110822000,0.314962000
8.310709,TOOL_JOINT_PATH,0.401545000,0.110822000,0.314962000
8.320707,TOOL_JOINT_PATH,0.401545000,0.110822000,0.314962000
8.330708,TOOL_JOINT_PATH,0.401545000,0.110822000,0.314962000
8.340687,TOOL_JOINT_PATH,0.401545000,0.110822000,0.314962000
8.350722,TOOL_JOINT_PATH,0.401545000,0.110822000,0.314962000
8.360814,TOOL_JOINT_PATH,0.401545000,0.110822000,0.314962000
8.370708,TOOL_JOINT_PATH,0.401545000,0.110822000,0.314962000
8.380724,TOOL_JOINT_PATH,0.401545000,0.110822000,0.314962000
8.390694,TOOL_JOINT_PATH,0.401545000,0.110822000,0.314962000
8.400710,TOOL_JOINT_PATH,0.401545000,0.110822000,0.314962000
8.410697,TOOL_JOINT_PATH,0.401545000,0.110822000,0.314962000
8.420713,TOOL_JOINT_PATH,0.401545000,0.110822000,0.314962000
8.430696,TOOL_JOINT_PATH,0.401545000,0.110822000,0.314962000
8.440704,TOOL_JOINT_PATH,0.401545000,0.110822000,0.314962000
8.450783,TOOL_JOINT_PATH,0.401545000,0.110822000,0.314962000
8.460773,TOOL_JOINT_PATH,0.401545000,0.110822000,0.314962000
8.470703,TOOL_JOINT_PATH,0.401545000,0.110822000,0.314962000
8.480702,TOOL_JOINT_PATH,0.401545000,0.110822000,0.314962000
8.490695,TOOL_JOINT_PATH,0.401545000,0.110822000,0.314962000
8.500696,TOOL_JOINT_PATH,0.401545000,0.110822000,0.314962000
8.510699,TOOL_JOINT_PATH,0.401545000,0.110822000,0.314962000
8.520689,TOOL_JOINT_PATH,0.401545000,0.110822000,0.314962000
8.530694,TOOL_JOINT_PATH,0.401545000,0.110822000,0.314962000
8.540686,TOOL_JOINT_PATH,0.401545000,0.110822000,0.314962000
8.550696,TOOL_JOINT_PATH,0.401545000,0.110822000,0.314962000
8.560708,TOOL_JOINT_PATH,0.401545000,0.110822000,0.314962000
8.570700,TOOL_JOINT_PATH,0.401545000,0.110822000,0.314962000
8.580689,TOOL_JOINT_PATH,0.401545000,0.110822000,0.314962000
8.590694,TOOL_JOINT_PATH,0.401545000,0.110822000,0.314962000
8.600685,TOOL_JOINT_PATH,0.401545000,0.110822000,0.314962000
8.610714,TOOL_JOINT_PATH,0.401545000,0.110822000,0.314962000
8.620720,TOOL_JOINT_PATH,0.401545000,0.110822000,0.314962000
8.630697,TOOL_JOINT_PATH,0.401545000,0.110822000,0.314962000
8.640691,TOOL_JOINT_PATH,0.401545000,0.110822000,0.314962000
8.650723,TOOL_JOINT_PATH,0.401545000,0.110822000,0.314962000
8.660701,TOOL_JOINT_PATH,0.401545000,0.110822000,0.314962000
8.670698,TOOL_JOINT_PATH,0.401545000,0.110822000,0.314962000
8.680684,TOOL_JOINT_PATH,0.401545000,0.110822000,0.314962000
8.690692,TOOL_JOINT_PATH,0.401545000,0.110822000,0.314962000
8.700684,TOOL_JOINT_PATH,0.401545000,0.110822000,0.314962000
8.710697,TOOL_JOINT_PATH,0.401545000,0.110822000,0.314962000
8.720700,TOOL_JOINT_PATH,0.401545000,0.110822000,0.314962000
8.730697,TOOL_JOINT_PATH,0.401545000,0.110822000,0.314962000
8.740682,TOOL_JOINT_PATH,0.401545000,0.110822000,0.314962000
8.750697,TOOL_JOINT_PATH,0.401545000,0.110822000,0.314962000
8.760716,TOOL_JOINT_PATH,0.401545000,0.110822000,0.314962000
8.770701,TOOL_JOINT_PATH,0.401545000,0.110822000,0.314962000
8.780700,TOOL_JOINT_PATH,0.401545000,0.110822000,0.314962000
8.790700,TOOL_JOINT_PATH,0.401545000,0.110822000,0.314962000
8.800682,TOOL_JOINT_PATH,0.401545000,0.110822000,0.314962000
8.810694,TOOL_JOINT_PATH,0.401545000,0.110822000,0.314962000
8.820686,TOOL_JOINT_PATH,0.401545000,0.110822000,0.314962000
8.830690,TOOL_JOINT_PATH,0.401545000,0.110822000,0.314962000
8.840680,TOOL_JOINT_PATH,0.401545000,0.110822000,0.314962000
8.850694,TOOL_JOINT_PATH,0.401545000,0.110822000,0.314962000
8.860717,TOOL_JOINT_PATH,0.401545000,0.110822000,0.314962000
8.870698,TOOL_JOINT_PATH,0.401545000,0.110822000,0.314962000
8.880689,TOOL_JOINT_PATH,0.401545000,0.110822000,0.314962000
8.890763,TOOL_JOINT_PATH,0.401545000,0.110822000,0.314962000
8.900692,TOOL_JOINT_PATH,0.401545000,0.110822000,0.314962000
8.910707,TOOL_JOINT_PATH,0.401545000,0.110822000,0.314962000
8.920701,TOOL_JOINT_PATH,0.401545000,0.110822000,0.314962000
8.930706,TOOL_JOINT_PATH,0.401545000,0.110822000,0.314962000
8.940714,TOOL_JOINT_PATH,0.401545000,0.110822000,0.314962000
8.950703,TOOL_JOINT_PATH,0.401545000,0.110822000,0.314962000
8.960706,TOOL_JOINT_PATH,0.401545000,0.110822000,0.314962000
8.970691,TOOL_JOINT_PATH,0.401545000,0.110822000,0.314962000
8.980693,TOOL_JOINT_PATH,0.401545000,0.110822000,0.314962000
8.990685,TOOL_JOINT_PATH,0.401545000,0.110822000,0.314962000
9.000690,TOOL_JOINT_PATH,0.401545000,0.110822000,0.314962000
9.010689,TOOL_JOINT_PATH,0.401545000,0.110822000,0.314962000
9.020697,TOOL_JOINT_PATH,0.401545000,0.110822000,0.314962000
9.030688,TOOL_JOINT_PATH,0.401545000,0.110822000,0.314962000
9.040693,TOOL_JOINT_PATH,0.401545000,0.110822000,0.314962000
9.050680,TOOL_JOINT_PATH,0.401545000,0.110822000,0.314962000
9.060735,TOOL_JOINT_PATH,0.401545000,0.110822000,0.314962000
9.070699,TOOL_JOINT_PATH,0.401545000,0.110822000,0.314962000
9.080695,TOOL_JOINT_PATH,0.401545000,0.110822000,0.314962000
9.090748,TOOL_JOINT_PATH,0.401545000,0.110822000,0.314962000
9.100740,TOOL_JOINT_PATH,0.401545000,0.110822000,0.314962000
9.110709,TOOL_JOINT_PATH,0.401545000,0.110822000,0.314962000
9.120693,TOOL_JOINT_PATH,0.401545000,0.110822000,0.314962000
9.130701,TOOL_JOINT_PATH,0.401545000,0.110822000,0.314962000
9.140700,TOOL_JOINT_PATH,0.401545000,0.110822000,0.314962000
9.150718,TOOL_JOINT_PATH,0.401545000,0.110822000,0.314962000
9.160697,TOOL_JOINT_PATH,0.401545000,0.110822000,0.314962000
9.170702,TOOL_JOINT_PATH,0.401545000,0.110822000,0.314962000
9.180679,TOOL_JOINT_PATH,0.401545000,0.110822000,0.314962000
9.190694,TOOL_JOINT_PATH,0.401545000,0.110822000,0.314962000
9.200677,TOOL_JOINT_PATH,0.401545000,0.110822000,0.314962000
9.210699,TOOL_JOINT_PATH,0.401545000,0.110822000,0.314962000
9.220692,TOOL_JOINT_PATH,0.401545000,0.110822000,0.314962000
9.230703,TOOL_JOINT_PATH,0.401545000,0.110822000,0.314962000
9.240676,TOOL_JOINT_PATH,0.401545000,0.110822000,0.314962000
9.250692,TOOL_JOINT_PATH,0.401545000,0.110822000,0.314962000
9.260714,TOOL_JOINT_PATH,0.401545000,0.110822000,0.314962000
9.270699,TOOL_JOINT_PATH,0.401545000,0.110822000,0.314962000
9.280676,TOOL_JOINT_PATH,0.401545000,0.110822000,0.314962000
9.290698,TOOL_JOINT_PATH,0.401545000,0.110822000,0.314962000
9.300715,TOOL_JOINT_PATH,0.401545000,0.110822000,0.314962000
9.310731,TOOL_JOINT_PATH,0.401545000,0.110822000,0.314962000
9.320697,TOOL_JOINT_PATH,0.401545000,0.110822000,0.314962000
9.330711,TOOL_JOINT_PATH,0.401545000,0.110822000,0.314962000
9.340682,TOOL_JOINT_PATH,0.401545000,0.110822000,0.314962000
9.350714,TOOL_JOINT_PATH,0.401545000,0.110822000,0.314962000
9.360704,TOOL_JOINT_PATH,0.401545000,0.110822000,0.314962000
9.370720,TOOL_JOINT_PATH,0.401545000,0.110822000,0.314962000
9.380687,TOOL_JOINT_PATH,0.401545000,0.110822000,0.314962000
9.390708,TOOL_JOINT_PATH,0.401545000,0.110822000,0.314962000
9.400687,TOOL_JOINT_PATH,0.401545000,0.110822000,0.314962000
9.410709,TOOL_JOINT_PATH,0.401545000,0.110822000,0.314962000
9.420694,TOOL_JOINT_PATH,0.401545000,0.110822000,0.314962000
9.430713,TOOL_JOINT_PATH,0.401545000,0.110822000,0.314962000
9.440714,TOOL_JOINT_PATH,0.401545000,0.110822000,0.314962000
9.450706,TOOL_JOINT_PATH,0.401545000,0.110822000,0.314962000
9.460733,TOOL_JOINT_PATH,0.401545000,0.110822000,0.314962000
9.470712,TOOL_JOINT_PATH,0.401545000,0.110822000,0.314962000
9.480690,TOOL_JOINT_PATH,0.401545000,0.110822000,0.314962000
9.490802,TOOL_JOINT_PATH,0.401545000,0.110822000,0.314962000
9.500738,TOOL_JOINT_PATH,0.401545000,0.110822000,0.314962000
9.510712,TOOL_JOINT_PATH,0.401545000,0.110822000,0.314962000
9.520707,TOOL_JOINT_PATH,0.401545000,0.110822000,0.314962000
9.530712,TOOL_JOINT_PATH,0.401545000,0.110822000,0.314962000
9.540691,TOOL_JOINT_PATH,0.401545000,0.110822000,0.314962000
9.550710,TOOL_JOINT_PATH,0.401545000,0.110822000,0.314962000
9.560722,TOOL_JOINT_PATH,0.401545000,0.110822000,0.314962000
9.570712,TOOL_JOINT_PATH,0.401545000,0.110822000,0.314962000
9.580777,TOOL_JOINT_PATH,0.401545000,0.110822000,0.314962000
9.590721,TOOL_JOINT_PATH,0.401545000,0.110822000,0.314962000
9.600734,TOOL_JOINT_PATH,0.401545000,0.110822000,0.314962000
9.610709,TOOL_JOINT_PATH,0.401545000,0.110822000,0.314962000
9.620692,TOOL_JOINT_PATH,0.401545000,0.110822000,0.314962000
9.630706,TOOL_JOINT_PATH,0.401545000,0.110822000,0.314962000
9.640691,TOOL_JOINT_PATH,0.401545000,0.110822000,0.314962000
9.650707,TOOL_JOINT_PATH,0.401545000,0.110822000,0.314962000
9.660743,TOOL_JOINT_PATH,0.401545000,0.110822000,0.314962000
9.670714,TOOL_JOINT_PATH,0.401545000,0.110822000,0.314962000
9.680688,TOOL_JOINT_PATH,0.401545000,0.110822000,0.314962000
9.690715,TOOL_JOINT_PATH,0.401545000,0.110822000,0.314962000
9.700712,TOOL_JOINT_PATH,0.401545000,0.110822000,0.314962000
9.710708,TOOL_JOINT_PATH,0.401545000,0.110822000,0.314962000
9.720694,TOOL_JOINT_PATH,0.401545000,0.110822000,0.314962000
9.730705,TOOL_JOINT_PATH,0.401545000,0.110822000,0.314962000
9.740681,TOOL_JOINT_PATH,0.401545000,0.110822000,0.314962000
9.750707,TOOL_JOINT_PATH,0.401545000,0.110822000,0.314962000
9.760706,TOOL_JOINT_PATH,0.401545000,0.110822000,0.314962000
9.770713,TOOL_JOINT_PATH,0.401545000,0.110822000,0.314962000
9.780693,TOOL_JOINT_PATH,0.401545000,0.110822000,0.314962000
9.790718,TOOL_JOINT_PATH,0.401545000,0.110822000,0.314962000
9.800705,TOOL_JOINT_PATH,0.401545000,0.110822000,0.314962000
9.810711,TOOL_JOINT_PATH,0.401545000,0.110822000,0.314962000
9.820690,TOOL_JOINT_PATH,0.401545000,0.110822000,0.314962000
9.830706,TOOL_JOINT_PATH,0.401545000,0.110822000,0.314962000
9.840679,TOOL_JOINT_PATH,0.401545000,0.110822000,0.314962000
9.850706,TOOL_JOINT_PATH,0.401545000,0.110822000,0.314962000
9.860753,TOOL_JOINT_PATH,0.401545000,0.110822000,0.314962000
9.870712,TOOL_JOINT_PATH,0.401545000,0.110822000,0.314962000
9.880761,TOOL_JOINT_PATH,0.401545000,0.110822000,0.314962000
9.890727,TOOL_JOINT_PATH,0.401545000,0.110822000,0.314962000
9.900768,TOOL_JOINT_PATH,0.401545000,0.110822000,0.314962000
9.910713,TOOL_JOINT_PATH,0.401545000,0.110822000,0.314962000
9.920725,TOOL_JOINT_PATH,0.401545000,0.110822000,0.314962000
9.930704,TOOL_JOINT_PATH,0.401545000,0.110822000,0.314962000
9.940723,TOOL_JOINT_PATH,0.401545000,0.110822000,0.314962000
9.950709,TOOL_JOINT_PATH,0.401545000,0.110822000,0.314962000
9.960748,TOOL_JOINT_PATH,0.401545000,0.110822000,0.314962000
9.970700,TOOL_JOINT_PATH,0.401545000,0.110822000,0.314962000
9.980714,TOOL_JOINT_PATH,0.401545000,0.110822000,0.314962000
9.990744,TOOL_JOINT_PATH,0.401545000,0.110822000,0.314962000
10.000721,TOOL_JOINT_PATH,0.401545000,0.110822000,0.314962000
10.010719,TOOL_JOINT_PATH,0.401545000,0.110822000,0.314962000
10.020711,TOOL_JOINT_PATH,0.401545000,0.110822000,0.314962000
10.030711,TOOL_JOINT_PATH,0.401545000,0.110822000,0.314962000
10.040710,TOOL_JOINT_PATH,0.401545000,0.110822000,0.314962000
10.050728,TOOL_JOINT_PATH,0.401545000,0.110822000,0.314962000
10.060792,TOOL_JOINT_PATH,0.401545000,0.110822000,0.314962000
10.070716,TOOL_JOINT_PATH,0.401545000,0.110822000,0.314962000
10.080721,TOOL_JOINT_PATH,0.401545000,0.110822000,0.314962000
10.090696,TOOL_JOINT_PATH,0.401545000,0.110822000,0.314962000
10.100716,TOOL_JOINT_PATH,0.401545000,0.110822000,0.314962000
10.110698,TOOL_JOINT_PATH,0.401545000,0.110822000,0.314962000
10.120708,TOOL_JOINT_PATH,0.401545000,0.110822000,0.314962000
10.130696,TOOL_JOINT_PATH,0.401545000,0.110822000,0.314962000
10.140705,TOOL_JOINT_PATH,0.401545000,0.110822000,0.314962000
10.150709,TOOL_JOINT_PATH,0.401545000,0.110822000,0.314962000
10.160752,TOOL_JOINT_PATH,0.401545000,0.110822000,0.314962000
10.170696,TOOL_JOINT_PATH,0.401545000,0.110822000,0.314962000
10.180701,TOOL_JOINT_PATH,0.401545000,0.110822000,0.314962000
10.190697,TOOL_JOINT_PATH,0.401545000,0.110822000,0.314962000
10.200696,TOOL_JOINT_PATH,0.401545000,0.110822000,0.314962000
10.210696,TOOL_JOINT_PATH,0.401545000,0.110822000,0.314962000
10.220715,TOOL_JOINT_PATH,0.401545000,0.110822000,0.314962000
10.230706,TOOL_JOINT_PATH,0.401545000,0.110822000,0.314962000
10.240708,TOOL_JOINT_PATH,0.401545000,0.110822000,0.314962000
10.250696,TOOL_JOINT_PATH,0.401545000,0.110822000,0.314962000
10.260722,TOOL_JOINT_PATH,0.401545000,0.110822000,0.314962000
10.270696,TOOL_JOINT_PATH,0.401545000,0.110822000,0.314962000
10.280697,TOOL_JOINT_PATH,0.401545000,0.110822000,0.314962000
10.290690,TOOL_JOINT_PATH,0.401545000,0.110822000,0.314962000
10.300695,TOOL_JOINT_PATH,0.401545000,0.110822000,0.314962000
10.310687,TOOL_JOINT_PATH,0.401545000,0.110822000,0.314962000
10.320711,TOOL_JOINT_PATH,0.401545000,0.110822000,0.314962000
10.330698,TOOL_JOINT_PATH,0.401545000,0.110822000,0.314962000
10.340698,TOOL_JOINT_PATH,0.401545000,0.110822000,0.314962000
10.350716,TOOL_JOINT_PATH,0.401545000,0.110822000,0.314962000
10.360765,TOOL_JOINT_PATH,0.401545000,0.110822000,0.314962000
10.370702,TOOL_JOINT_PATH,0.401545000,0.110822000,0.314962000
10.380712,TOOL_JOINT_PATH,0.401545000,0.110822000,0.314962000
10.390696,TOOL_JOINT_PATH,0.401545000,0.110822000,0.314962000
10.400701,TOOL_JOINT_PATH,0.401545000,0.110822000,0.314962000
10.410693,TOOL_JOINT_PATH,0.401545000,0.110822000,0.314962000
10.420695,TOOL_JOINT_PATH,0.401545000,0.110822000,0.314962000
10.430703,TOOL_JOINT_PATH,0.401545000,0.110822000,0.314962000
10.440722,TOOL_JOINT_PATH,0.401545000,0.110822000,0.314962000
10.450719,TOOL_JOINT_PATH,0.401545000,0.110822000,0.314962000
10.460736,TOOL_JOINT_PATH,0.401545000,0.110822000,0.314962000
10.470776,TOOL_JOINT_PATH,0.401545000,0.110822000,0.314962000
10.480723,TOOL_JOINT_PATH,0.401545000,0.110822000,0.314962000
10.490707,TOOL_JOINT_PATH,0.401545000,0.110822000,0.314962000
10.500716,TOOL_JOINT_PATH,0.401545000,0.110822000,0.314962000
10.510695,TOOL_JOINT_PATH,0.401545000,0.110822000,0.314962000
10.520712,TOOL_JOINT_PATH,0.401545000,0.110822000,0.314962000
10.530693,TOOL_JOINT_PATH,0.401545000,0.110822000,0.314962000
10.540706,TOOL_JOINT_PATH,0.401545000,0.110822000,0.314962000
10.550790,TOOL_JOINT_PATH,0.401545000,0.110822000,0.314962000
10.560752,TOOL_JOINT_PATH,0.401545000,0.110822000,0.314962000
10.570702,TOOL_JOINT_PATH,0.401545000,0.110822000,0.314962000
10.580703,TOOL_JOINT_PATH,0.401545000,0.110822000,0.314962000
10.590694,TOOL_JOINT_PATH,0.401545000,0.110822000,0.314962000
10.600710,TOOL_JOINT_PATH,0.401545000,0.110822000,0.314962000
10.610697,TOOL_JOINT_PATH,0.401545000,0.110822000,0.314962000
10.620708,TOOL_JOINT_PATH,0.401545000,0.110822000,0.314962000
10.630709,TOOL_JOINT_PATH,0.401545000,0.110822000,0.314962000
10.640714,TOOL_JOINT_PATH,0.401545000,0.110822000,0.314962000
10.650715,TOOL_JOINT_PATH,0.401545000,0.110822000,0.314962000
10.660754,TOOL_JOINT_PATH,0.401545000,0.110822000,0.314962000
10.670778,TOOL_JOINT_PATH,0.401545000,0.110822000,0.314962000
10.680728,TOOL_JOINT_PATH,0.401545000,0.110822000,0.314962000
10.690694,TOOL_JOINT_PATH,0.401545000,0.110822000,0.314962000
10.700702,TOOL_JOINT_PATH,0.401545000,0.110822000,0.314962000
10.710701,TOOL_JOINT_PATH,0.401545000,0.110822000,0.314962000
10.720703,TOOL_JOINT_PATH,0.401545000,0.110822000,0.314962000
10.730693,TOOL_JOINT_PATH,0.401545000,0.110822000,0.314962000
10.740698,TOOL_JOINT_PATH,0.401545000,0.110822000,0.314962000
10.750694,TOOL_JOINT_PATH,0.401545000,0.110822000,0.314962000
10.760725,TOOL_JOINT_PATH,0.401545000,0.110822000,0.314962000
10.770697,TOOL_JOINT_PATH,0.401545000,0.110822000,0.314962000
10.780700,TOOL_JOINT_PATH,0.401545000,0.110822000,0.314962000
10.790699,TOOL_JOINT_PATH,0.401545000,0.110822000,0.314962000
10.800693,TOOL_JOINT_PATH,0.401545000,0.110822000,0.314962000
10.810692,TOOL_JOINT_PATH,0.401545000,0.110822000,0.314962000
10.820702,TOOL_JOINT_PATH,0.401545000,0.110822000,0.314962000
10.830706,TOOL_JOINT_PATH,0.401545000,0.110822000,0.314962000
10.840701,TOOL_JOINT_PATH,0.401545000,0.110822000,0.314962000
10.850698,TOOL_JOINT_PATH,0.401545000,0.110822000,0.314962000
10.860727,TOOL_JOINT_PATH,0.401545000,0.110822000,0.314962000
10.870726,TOOL_JOINT_PATH,0.401545000,0.110822000,0.314962000
10.880699,TOOL_JOINT_PATH,0.401545000,0.110822000,0.314962000
10.890701,TOOL_JOINT_PATH,0.401545000,0.110822000,0.314962000
10.900715,TOOL_JOINT_PATH,0.401545000,0.110822000,0.314962000
10.910715,TOOL_JOINT_PATH,0.401545000,0.110822000,0.314962000
10.920695,TOOL_JOINT_PATH,0.401545000,0.110822000,0.314962000
10.930708,TOOL_JOINT_PATH,0.401545000,0.110822000,0.314962000
10.940687,TOOL_JOINT_PATH,0.401545000,0.110822000,0.314962000
10.950706,TOOL_JOINT_PATH,0.401545000,0.110822000,0.314962000
10.960724,TOOL_JOINT_PATH,0.401545000,0.110822000,0.314962000
10.970711,TOOL_JOINT_PATH,0.401545000,0.110822000,0.314962000
10.980688,TOOL_JOINT_PATH,0.401545000,0.110822000,0.314962000
10.990711,TOOL_JOINT_PATH,0.401545000,0.110822000,0.314962000
11.000713,TOOL_JOINT_PATH,0.401545000,0.110822000,0.314962000
11.010707,TOOL_JOINT_PATH,0.401545000,0.110822000,0.314962000
11.020700,TOOL_JOINT_PATH,0.401545000,0.110822000,0.314962000
11.030697,TOOL_JOINT_PATH,0.401545000,0.110822000,0.314962000
11.040698,TOOL_JOINT_PATH,0.401545000,0.110822000,0.314962000
11.050697,TOOL_JOINT_PATH,0.401545000,0.110822000,0.314962000
11.060716,TOOL_JOINT_PATH,0.401545000,0.110822000,0.314962000
11.070729,TOOL_JOINT_PATH,0.401545000,0.110822000,0.314962000
11.080700,TOOL_JOINT_PATH,0.401545000,0.110822000,0.314962000
11.090874,TOOL_JOINT_PATH,0.401545000,0.110822000,0.314962000
11.100692,TOOL_JOINT_PATH,0.401545000,0.110822000,0.314962000
11.110693,TOOL_JOINT_PATH,0.401545000,0.110822000,0.314962000
11.120697,TOOL_JOINT_PATH,0.401545000,0.110822000,0.314962000
11.130708,TOOL_JOINT_PATH,0.401545000,0.110822000,0.314962000
11.140715,TOOL_JOINT_PATH,0.401545000,0.110822000,0.314962000
11.150710,TOOL_JOINT_PATH,0.401545000,0.110822000,0.314962000
11.160729,TOOL_JOINT_PATH,0.401545000,0.110822000,0.314962000
11.170711,TOOL_JOINT_PATH,0.401545000,0.110822000,0.314962000
11.180707,TOOL_JOINT_PATH,0.401545000,0.110822000,0.314962000
11.190719,TOOL_JOINT_PATH,0.401545000,0.110822000,0.314962000
11.200698,TOOL_JOINT_PATH,0.401545000,0.110822000,0.314962000
11.210707,TOOL_JOINT_PATH,0.401545000,0.110822000,0.314962000
11.220719,TOOL_JOINT_PATH,0.401545000,0.110822000,0.314962000
11.230707,TOOL_JOINT_PATH,0.401545000,0.110822000,0.314962000
11.240710,TOOL_JOINT_PATH,0.401545000,0.110822000,0.314962000
11.250715,TOOL_JOINT_PATH,0.401545000,0.110822000,0.314962000
11.260759,TOOL_JOINT_PATH,0.401545000,0.110822000,0.314962000
11.270772,TOOL_JOINT_PATH,0.401545000,0.110822000,0.314962000
11.280727,TOOL_JOINT_PATH,0.401545000,0.110822000,0.314962000
11.290703,TOOL_JOINT_PATH,0.401545000,0.110822000,0.314962000
11.300716,TOOL_JOINT_PATH,0.401545000,0.110822000,0.314962000
11.310697,TOOL_JOINT_PATH,0.401545000,0.110822000,0.314962000
11.320712,TOOL_JOINT_PATH,0.401545000,0.110822000,0.314962000
11.330693,TOOL_JOINT_PATH,0.401545000,0.110822000,0.314962000
11.340697,TOOL_JOINT_PATH,0.401545000,0.110822000,0.314962000
11.350706,TOOL_JOINT_PATH,0.401545000,0.110822000,0.314962000
11.360769,TOOL_JOINT_PATH,0.401545000,0.110822000,0.314962000
11.370710,TOOL_JOINT_PATH,0.401545000,0.110822000,0.314962000
11.380700,TOOL_JOINT_PATH,0.401545000,0.110822000,0.314962000
11.390700,TOOL_JOINT_PATH,0.401545000,0.110822000,0.314962000
11.400711,TOOL_JOINT_PATH,0.401545000,0.110822000,0.314962000
11.410703,TOOL_JOINT_PATH,0.401545000,0.110822000,0.314962000
11.420710,TOOL_JOINT_PATH,0.401545000,0.110822000,0.314962000
11.430699,TOOL_JOINT_PATH,0.401545000,0.110822000,0.314962000
11.440712,TOOL_JOINT_PATH,0.401545000,0.110822000,0.314962000
11.450712,TOOL_JOINT_PATH,0.401545000,0.110822000,0.314962000
11.460762,TOOL_JOINT_PATH,0.401545000,0.110822000,0.314962000
11.470754,TOOL_JOINT_PATH,0.401545000,0.110822000,0.314962000
11.480723,TOOL_JOINT_PATH,0.401545000,0.110822000,0.314962000
11.490699,TOOL_JOINT_PATH,0.401545000,0.110822000,0.314962000
11.500713,TOOL_JOINT_PATH,0.401545000,0.110822000,0.314962000
11.510748,TOOL_JOINT_PATH,0.401545000,0.110822000,0.314962000
11.520741,TOOL_JOINT_PATH,0.401545000,0.110822000,0.314962000
11.530699,TOOL_JOINT_PATH,0.401545000,0.110822000,0.314962000
11.540700,TOOL_JOINT_PATH,0.401545000,0.110822000,0.314962000
11.550663,TOOL_JOINT_PATH,0.401545000,0.110822000,0.314962000
11.560705,TOOL_JOINT_PATH,0.401545000,0.110822000,0.314962000
11.570639,TOOL_JOINT_PATH,0.401545000,0.110822000,0.314962000
11.580657,TOOL_JOINT_PATH,0.401545000,0.110822000,0.314962000
11.590608,TOOL_JOINT_PATH,0.401545000,0.110822000,0.314962000
11.600652,TOOL_JOINT_PATH,0.401545000,0.110822000,0.314962000
11.610627,TOOL_JOINT_PATH,0.401545000,0.110822000,0.314962000
11.620651,TOOL_JOINT_PATH,0.401545000,0.110822000,0.314962000
11.630604,TOOL_JOINT_PATH,0.401545000,0.110822000,0.314962000
11.640648,TOOL_JOINT_PATH,0.401545000,0.110822000,0.314962000
11.650741,TOOL_JOINT_PATH,0.401545000,0.110822000,0.314962000
11.660752,TOOL_JOINT_PATH,0.401545000,0.110822000,0.314962000
11.670732,TOOL_JOINT_PATH,0.401545000,0.110822000,0.314962000
11.680704,TOOL_JOINT_PATH,0.401545000,0.110822000,0.314962000
11.690711,TOOL_JOINT_PATH,0.401545000,0.110822000,0.314962000
11.700722,TOOL_JOINT_PATH,0.401545000,0.110822000,0.314962000
11.710700,TOOL_JOINT_PATH,0.401545000,0.110822000,0.314962000
11.720707,TOOL_JOINT_PATH,0.401545000,0.110822000,0.314962000
11.730702,TOOL_JOINT_PATH,0.401545000,0.110822000,0.314962000
11.731330,TOOL_SETTLE,0.401545000,0.110822000,0.314962000
11.741802,TOOL_SETTLE,0.401545000,0.110822000,0.314962000
11.752280,TOOL_SETTLE,0.401545000,0.110822000,0.314962000
11.762763,TOOL_SETTLE,0.401545000,0.110822000,0.314962000
11.773245,TOOL_SETTLE,0.401545000,0.110822000,0.314962000
11.783767,TOOL_SETTLE,0.401545000,0.110822000,0.314962000
11.794248,TOOL_SETTLE,0.401545000,0.110822000,0.314962000
11.804761,TOOL_SETTLE,0.401545000,0.110822000,0.314962000
11.815230,TOOL_SETTLE,0.401545000,0.110822000,0.314962000
11.825739,TOOL_SETTLE,0.401545000,0.110822000,0.314962000
11.836244,TOOL_SETTLE,0.401545000,0.110822000,0.314962000
11.846769,TOOL_SETTLE,0.401545000,0.110822000,0.314962000
11.857278,TOOL_SETTLE,0.401545000,0.110822000,0.314962000
11.867703,TOOL_SETTLE,0.401545000,0.110822000,0.314962000
11.878293,TOOL_SETTLE,0.401545000,0.110822000,0.314962000
11.888838,TOOL_SETTLE,0.401545000,0.110822000,0.314962000
11.899371,TOOL_SETTLE,0.401545000,0.110822000,0.314962000
11.909884,TOOL_SETTLE,0.401545000,0.110822000,0.314962000
11.920435,TOOL_SETTLE,0.401545000,0.110822000,0.314962000
11.930923,TOOL_SETTLE,0.401545000,0.110822000,0.314962000
11.941421,TOOL_SETTLE,0.401545000,0.110822000,0.314962000
11.951898,TOOL_SETTLE,0.401545000,0.110822000,0.314962000
11.962429,TOOL_SETTLE,0.401545000,0.110822000,0.314962000
11.972925,TOOL_SETTLE,0.401545000,0.110822000,0.314962000
11.983401,TOOL_SETTLE,0.401545000,0.110822000,0.314962000
11.993890,TOOL_SETTLE,0.401545000,0.110822000,0.314962000
12.004378,TOOL_SETTLE,0.401545000,0.110822000,0.314962000
12.014849,TOOL_SETTLE,0.401545000,0.110822000,0.314962000
12.025296,TOOL_SETTLE,0.401545000,0.110822000,0.314962000
12.035741,TOOL_SETTLE,0.401545000,0.110822000,0.314962000
12.046187,TOOL_SETTLE,0.401545000,0.110822000,0.314962000
12.056751,TOOL_SETTLE,0.401545000,0.110822000,0.314962000
12.067266,TOOL_SETTLE,0.401545000,0.110822000,0.314962000
12.077816,TOOL_SETTLE,0.401545000,0.110822000,0.314962000
12.088351,TOOL_SETTLE,0.401545000,0.110822000,0.314962000
12.098805,TOOL_SETTLE,0.401545000,0.110822000,0.314962000
12.109121,TOOL_SETTLE,0.401545000,0.110822000,0.314962000
12.119526,TOOL_SETTLE,0.401545000,0.110822000,0.314962000
12.129857,TOOL_SETTLE,0.401545000,0.110822000,0.314962000
12.140272,TOOL_SETTLE,0.401545000,0.110822000,0.314962000
12.150797,TOOL_SETTLE,0.401545000,0.110822000,0.314962000
12.161394,TOOL_SETTLE,0.401545000,0.110822000,0.314962000
12.171908,TOOL_SETTLE,0.401545000,0.110822000,0.314962000
12.182429,TOOL_SETTLE,0.401545000,0.110822000,0.314962000
12.192906,TOOL_SETTLE,0.401545000,0.110822000,0.314962000
12.203391,TOOL_SETTLE,0.401545000,0.110822000,0.314962000
12.213851,TOOL_SETTLE,0.401545000,0.110822000,0.314962000
12.224307,TOOL_SETTLE,0.401545000,0.110822000,0.314962000
12.234749,TOOL_SETTLE,0.401545000,0.110822000,0.314962000
12.245260,TOOL_SETTLE,0.401545000,0.110822000,0.314962000
12.255816,TOOL_SETTLE,0.401545000,0.110822000,0.314962000
12.266346,TOOL_SETTLE,0.401545000,0.110822000,0.314962000
12.276857,TOOL_SETTLE,0.401545000,0.110822000,0.314962000
12.287336,TOOL_SETTLE,0.401545000,0.110822000,0.314962000
12.297809,TOOL_SETTLE,0.401545000,0.110822000,0.314962000
12.308275,TOOL_SETTLE,0.401545000,0.110822000,0.314962000
12.318745,TOOL_SETTLE,0.401545000,0.110822000,0.314962000
12.329194,TOOL_SETTLE,0.401545000,0.110822000,0.314962000
12.339641,TOOL_SETTLE,0.401545000,0.110822000,0.314962000
12.350081,TOOL_SETTLE,0.401545000,0.110822000,0.314962000
12.360555,TOOL_SETTLE,0.401545000,0.110822000,0.314962000
12.371035,TOOL_SETTLE,0.401545000,0.110822000,0.314962000
12.381481,TOOL_SETTLE,0.401545000,0.110822000,0.314962000
12.391938,TOOL_SETTLE,0.401545000,0.110822000,0.314962000
12.402431,TOOL_SETTLE,0.401545000,0.110822000,0.314962000
12.412811,TOOL_SETTLE,0.401545000,0.110822000,0.314962000
12.423120,TOOL_SETTLE,0.401545000,0.110822000,0.314962000
12.433494,TOOL_SETTLE,0.401545000,0.110822000,0.314962000
12.443812,TOOL_SETTLE,0.401545000,0.110822000,0.314962000
12.454130,TOOL_SETTLE,0.401545000,0.110822000,0.314962000
12.464545,TOOL_SETTLE,0.401545000,0.110822000,0.314962000
12.474844,TOOL_SETTLE,0.401545000,0.110822000,0.314962000
12.485196,TOOL_SETTLE,0.401545000,0.110822000,0.314962000
12.495724,TOOL_SETTLE,0.401545000,0.110822000,0.314962000
12.506077,TOOL_SETTLE,0.401545000,0.110822000,0.314962000
12.516580,TOOL_SETTLE,0.401545000,0.110822000,0.314962000
12.527038,TOOL_SETTLE,0.401545000,0.110822000,0.314962000
12.537480,TOOL_SETTLE,0.401545000,0.110822000,0.314962000
12.547925,TOOL_SETTLE,0.401545000,0.110822000,0.314962000
12.558454,TOOL_SETTLE,0.401545000,0.110822000,0.314962000
12.568930,TOOL_SETTLE,0.401545000,0.110822000,0.314962000
12.579391,TOOL_SETTLE,0.401545000,0.110822000,0.314962000
12.589851,TOOL_SETTLE,0.401545000,0.110822000,0.314962000
12.600322,TOOL_SETTLE,0.401545000,0.110822000,0.314962000
12.610806,TOOL_SETTLE,0.401545000,0.110822000,0.314962000
12.621288,TOOL_SETTLE,0.401545000,0.110822000,0.314962000
12.631736,TOOL_SETTLE,0.401545000,0.110822000,0.314962000
12.642189,TOOL_SETTLE,0.401545000,0.110822000,0.314962000
12.652719,TOOL_SETTLE,0.401545000,0.110822000,0.314962000
12.663217,TOOL_SETTLE,0.401545000,0.110822000,0.314962000
12.673671,TOOL_SETTLE,0.401545000,0.110822000,0.314962000
12.684176,TOOL_SETTLE,0.401545000,0.110822000,0.314962000
12.694657,TOOL_SETTLE,0.401545000,0.110822000,0.314962000
12.705100,TOOL_SETTLE,0.401545000,0.110822000,0.314962000
12.715526,TOOL_SETTLE,0.401545000,0.110822000,0.314962000
12.725980,TOOL_SETTLE,0.401545000,0.110822000,0.314962000
12.736474,TOOL_SETTLE,0.401545000,0.110822000,0.314962000
12.746927,TOOL_SETTLE,0.401545000,0.110822000,0.314962000
12.757460,TOOL_SETTLE,0.401545000,0.110822000,0.314962000
12.767977,TOOL_SETTLE,0.401545000,0.110822000,0.314962000
12.778473,TOOL_SETTLE,0.401545000,0.110822000,0.314962000
12.788938,TOOL_SETTLE,0.401545000,0.110822000,0.314962000
12.799505,TOOL_SETTLE,0.401545000,0.110822000,0.314962000
12.810038,TOOL_SETTLE,0.401545000,0.110822000,0.314962000
12.820523,TOOL_SETTLE,0.401545000,0.110822000,0.314962000
12.830988,TOOL_SETTLE,0.401545000,0.110822000,0.314962000
12.841467,TOOL_SETTLE,0.401545000,0.110822000,0.314962000
12.851944,TOOL_SETTLE,0.401545000,0.110822000,0.314962000
12.862475,TOOL_SETTLE,0.401545000,0.110822000,0.314962000
12.872923,TOOL_SETTLE,0.401545000,0.110822000,0.314962000
12.883458,TOOL_SETTLE,0.401545000,0.110822000,0.314962000
12.893944,TOOL_SETTLE,0.401545000,0.110822000,0.314962000
12.904439,TOOL_SETTLE,0.401545000,0.110822000,0.314962000
12.914897,TOOL_SETTLE,0.401545000,0.110822000,0.314962000
12.925369,TOOL_SETTLE,0.401545000,0.110822000,0.314962000
12.935750,TOOL_SETTLE,0.401545000,0.110822000,0.314962000
12.946236,TOOL_SETTLE,0.401545000,0.110822000,0.314962000
12.956778,TOOL_SETTLE,0.401545000,0.110822000,0.314962000
12.967260,TOOL_SETTLE,0.401545000,0.110822000,0.314962000
12.977745,TOOL_SETTLE,0.401545000,0.110822000,0.314962000
12.988193,TOOL_SETTLE,0.401545000,0.110822000,0.314962000
12.998695,TOOL_SETTLE,0.401545000,0.110822000,0.314962000
13.009170,TOOL_SETTLE,0.401545000,0.110822000,0.314962000
13.019789,TOOL_SETTLE,0.401545000,0.110822000,0.314962000
13.030263,TOOL_SETTLE,0.401545000,0.110822000,0.314962000
13.040744,TOOL_SETTLE,0.401545000,0.110822000,0.314962000
13.051259,TOOL_SETTLE,0.401545000,0.110822000,0.314962000
13.061818,TOOL_SETTLE,0.401545000,0.110822000,0.314962000
13.072294,TOOL_SETTLE,0.401545000,0.110822000,0.314962000
13.082843,TOOL_SETTLE,0.401545000,0.110822000,0.314962000
13.093401,TOOL_SETTLE,0.401545000,0.110822000,0.314962000
13.103898,TOOL_SETTLE,0.401545000,0.110822000,0.314962000
13.114392,TOOL_SETTLE,0.401545000,0.110822000,0.314962000
13.124951,TOOL_SETTLE,0.401545000,0.110822000,0.314962000
13.135485,TOOL_SETTLE,0.401545000,0.110822000,0.314962000
13.145959,TOOL_SETTLE,0.401545000,0.110822000,0.314962000
13.156481,TOOL_SETTLE,0.401545000,0.110822000,0.314962000
13.166967,TOOL_SETTLE,0.401545000,0.110822000,0.314962000
13.177444,TOOL_SETTLE,0.401545000,0.110822000,0.314962000
13.187911,TOOL_SETTLE,0.401545000,0.110822000,0.314962000
13.198395,TOOL_SETTLE,0.401545000,0.110822000,0.314962000
13.208864,TOOL_SETTLE,0.401545000,0.110822000,0.314962000
13.219338,TOOL_SETTLE,0.401545000,0.110822000,0.314962000
13.229790,TOOL_SETTLE,0.401545000,0.110822000,0.314962000
13.240248,TOOL_SETTLE,0.401545000,0.110822000,0.314962000
13.250767,TOOL_SETTLE,0.401545000,0.110822000,0.314962000
13.261276,TOOL_SETTLE,0.401545000,0.110822000,0.314962000
13.271797,TOOL_SETTLE,0.401545000,0.110822000,0.314962000
13.282268,TOOL_SETTLE,0.401545000,0.110822000,0.314962000
13.292759,TOOL_SETTLE,0.401545000,0.110822000,0.314962000
13.303246,TOOL_SETTLE,0.401545000,0.110822000,0.314962000
13.313717,TOOL_SETTLE,0.401545000,0.110822000,0.314962000
13.324192,TOOL_SETTLE,0.401545000,0.110822000,0.314962000
13.334676,TOOL_SETTLE,0.401545000,0.110822000,0.314962000
13.345159,TOOL_SETTLE,0.401545000,0.110822000,0.314962000
13.355677,TOOL_SETTLE,0.401545000,0.110822000,0.314962000
13.366189,TOOL_SETTLE,0.401545000,0.110822000,0.314962000
13.376687,TOOL_SETTLE,0.401545000,0.110822000,0.314962000
13.387141,TOOL_SETTLE,0.401545000,0.110822000,0.314962000
13.397610,TOOL_SETTLE,0.401545000,0.110822000,0.314962000
13.408078,TOOL_SETTLE,0.401545000,0.110822000,0.314962000
13.418554,TOOL_SETTLE,0.401545000,0.110822000,0.314962000
13.429044,TOOL_SETTLE,0.401545000,0.110822000,0.314962000
13.439517,TOOL_SETTLE,0.401545000,0.110822000,0.314962000
13.450013,TOOL_SETTLE,0.401545000,0.110822000,0.314962000
13.460523,TOOL_SETTLE,0.401545000,0.110822000,0.314962000
13.470985,TOOL_SETTLE,0.401545000,0.110822000,0.314962000
13.481440,TOOL_SETTLE,0.401545000,0.110822000,0.314962000
13.491899,TOOL_SETTLE,0.401545000,0.110822000,0.314962000
13.502399,TOOL_SETTLE,0.401545000,0.110822000,0.314962000
13.512798,TOOL_SETTLE,0.401545000,0.110822000,0.314962000
13.523285,TOOL_SETTLE,0.401545000,0.110822000,0.314962000
13.533775,TOOL_SETTLE,0.401545000,0.110822000,0.314962000
13.544238,TOOL_SETTLE,0.401545000,0.110822000,0.314962000
13.554769,TOOL_SETTLE,0.401545000,0.110822000,0.314962000
13.565239,TOOL_SETTLE,0.401545000,0.110822000,0.314962000
13.575740,TOOL_SETTLE,0.401545000,0.110822000,0.314962000
13.586195,TOOL_SETTLE,0.401545000,0.110822000,0.314962000
13.596675,TOOL_SETTLE,0.401545000,0.110822000,0.314962000
13.607141,TOOL_SETTLE,0.401545000,0.110822000,0.314962000
13.617660,TOOL_SETTLE,0.401545000,0.110822000,0.314962000
13.628118,TOOL_SETTLE,0.401545000,0.110822000,0.314962000
13.638588,TOOL_SETTLE,0.401545000,0.110822000,0.314962000
13.649062,TOOL_SETTLE,0.401545000,0.110822000,0.314962000
13.659605,TOOL_SETTLE,0.401545000,0.110822000,0.314962000
13.670099,TOOL_SETTLE,0.401545000,0.110822000,0.314962000
13.680629,TOOL_SETTLE,0.401545000,0.110822000,0.314962000
13.691187,TOOL_SETTLE,0.401545000,0.110822000,0.314962000
13.701662,TOOL_SETTLE,0.401545000,0.110822000,0.314962000
13.712140,TOOL_SETTLE,0.401545000,0.110822000,0.314962000
13.722639,TOOL_SETTLE,0.401545000,0.110822000,0.314962000
13.733116,TOOL_SETTLE,0.401545000,0.110822000,0.314962000
13.743589,TOOL_SETTLE,0.401545000,0.110822000,0.314962000
13.754090,TOOL_SETTLE,0.401545000,0.110822000,0.314962000
13.764577,TOOL_SETTLE,0.401545000,0.110822000,0.314962000
13.775078,TOOL_SETTLE,0.401545000,0.110822000,0.314962000
13.785565,TOOL_SETTLE,0.401545000,0.110822000,0.314962000
13.796034,TOOL_SETTLE,0.401545000,0.110822000,0.314962000
13.806494,TOOL_SETTLE,0.401545000,0.110822000,0.314962000
13.816938,TOOL_SETTLE,0.401545000,0.110822000,0.314962000
13.827425,TOOL_SETTLE,0.401545000,0.110822000,0.314962000
13.837796,TOOL_SETTLE,0.401545000,0.110822000,0.314962000
13.848254,TOOL_SETTLE,0.401545000,0.110822000,0.314962000
13.858765,TOOL_SETTLE,0.401545000,0.110822000,0.314962000
13.869240,TOOL_SETTLE,0.401545000,0.110822000,0.314962000
13.879673,TOOL_SETTLE,0.401545000,0.110822000,0.314962000
13.890160,TOOL_SETTLE,0.401545000,0.110822000,0.314962000
13.900870,TOOL_SETTLE,0.401545000,0.110822000,0.314962000
13.911399,TOOL_SETTLE,0.401545000,0.110822000,0.314962000
13.921825,TOOL_SETTLE,0.401545000,0.110822000,0.314962000
13.932320,TOOL_SETTLE,0.401545000,0.110822000,0.314962000
13.942788,TOOL_SETTLE,0.401545000,0.110822000,0.314962000
13.953263,TOOL_SETTLE,0.401545000,0.110822000,0.314962000
13.963781,TOOL_SETTLE,0.401545000,0.110822000,0.314962000
13.974260,TOOL_SETTLE,0.401545000,0.110822000,0.314962000
13.984742,TOOL_SETTLE,0.401545000,0.110822000,0.314962000
13.995190,TOOL_SETTLE,0.401545000,0.110822000,0.314962000
14.005623,TOOL_SETTLE,0.401545000,0.110822000,0.314962000
14.015901,TOOL_SETTLE,0.401545000,0.110822000,0.314962000
14.026370,TOOL_SETTLE,0.401545000,0.110822000,0.314962000
14.036849,TOOL_SETTLE,0.401545000,0.110822000,0.314962000
14.047341,TOOL_SETTLE,0.401545000,0.110822000,0.314962000
14.057859,TOOL_SETTLE,0.401545000,0.110822000,0.314962000
14.068394,TOOL_SETTLE,0.401545000,0.110822000,0.314962000
14.078765,TOOL_SETTLE,0.401545000,0.110822000,0.314962000
14.089236,TOOL_SETTLE,0.401545000,0.110822000,0.314962000
14.099741,TOOL_SETTLE,0.401545000,0.110822000,0.314962000
14.110236,TOOL_SETTLE,0.401545000,0.110822000,0.314962000
14.120736,TOOL_SETTLE,0.401545000,0.110822000,0.314962000
14.131180,TOOL_SETTLE,0.401545000,0.110822000,0.314962000
14.141661,TOOL_SETTLE,0.401545000,0.110822000,0.314962000
14.152122,TOOL_SETTLE,0.401545000,0.110822000,0.314962000
14.162649,TOOL_SETTLE,0.401545000,0.110822000,0.314962000
14.173110,TOOL_SETTLE,0.401545000,0.110822000,0.314962000
14.183571,TOOL_SETTLE,0.401545000,0.110822000,0.314962000
14.194013,TOOL_SETTLE,0.401545000,0.110822000,0.314962000
14.204439,TOOL_SETTLE,0.401545000,0.110822000,0.314962000
14.214780,TOOL_SETTLE,0.401545000,0.110822000,0.314962000
14.225214,TOOL_SETTLE,0.401545000,0.110822000,0.314962000
14.235655,TOOL_SETTLE,0.401545000,0.110822000,0.314962000
14.246107,TOOL_SETTLE,0.401545000,0.110822000,0.314962000
14.256610,TOOL_SETTLE,0.401545000,0.110822000,0.314962000
14.267075,TOOL_SETTLE,0.401545000,0.110822000,0.314962000
14.277527,TOOL_SETTLE,0.401545000,0.110822000,0.314962000
14.287967,TOOL_SETTLE,0.401545000,0.110822000,0.314962000
14.298455,TOOL_SETTLE,0.401545000,0.110822000,0.314962000
14.308918,TOOL_SETTLE,0.401545000,0.110822000,0.314962000
14.319380,TOOL_SETTLE,0.401545000,0.110822000,0.314962000
14.329751,TOOL_SETTLE,0.401545000,0.110822000,0.314962000
14.340242,TOOL_SETTLE,0.401545000,0.110822000,0.314962000
14.350750,TOOL_SETTLE,0.401545000,0.110822000,0.314962000
14.361271,TOOL_SETTLE,0.401545000,0.110822000,0.314962000
14.371829,TOOL_SETTLE,0.401545000,0.110822000,0.314962000
14.382311,TOOL_SETTLE,0.401545000,0.110822000,0.314962000
14.392797,TOOL_SETTLE,0.401545000,0.110822000,0.314962000
14.403265,TOOL_SETTLE,0.401545000,0.110822000,0.314962000
14.413787,TOOL_SETTLE,0.401545000,0.110822000,0.314962000
14.424318,TOOL_SETTLE,0.401545000,0.110822000,0.314962000
14.434789,TOOL_SETTLE,0.401545000,0.110822000,0.314962000
14.445243,TOOL_SETTLE,0.401545000,0.110822000,0.314962000
14.455745,TOOL_SETTLE,0.401545000,0.110822000,0.314962000
14.466213,TOOL_SETTLE,0.401545000,0.110822000,0.314962000
14.476666,TOOL_SETTLE,0.401545000,0.110822000,0.314962000
14.487131,TOOL_SETTLE,0.401545000,0.110822000,0.314962000
14.497641,TOOL_SETTLE,0.401545000,0.110822000,0.314962000
14.508118,TOOL_SETTLE,0.401545000,0.110822000,0.314962000
14.518589,TOOL_SETTLE,0.401545000,0.110822000,0.314962000
14.529037,TOOL_SETTLE,0.401545000,0.110822000,0.314962000
14.539502,TOOL_SETTLE,0.401545000,0.110822000,0.314962000
14.549953,TOOL_SETTLE,0.401545000,0.110822000,0.314962000
14.560475,TOOL_SETTLE,0.401545000,0.110822000,0.314962000
14.570943,TOOL_SETTLE,0.401545000,0.110822000,0.314962000
14.581432,TOOL_SETTLE,0.401545000,0.110822000,0.314962000
14.591881,TOOL_SETTLE,0.401545000,0.110822000,0.314962000
14.602344,TOOL_SETTLE,0.401545000,0.110822000,0.314962000
14.612786,TOOL_SETTLE,0.401545000,0.110822000,0.314962000
14.623262,TOOL_SETTLE,0.401545000,0.110822000,0.314962000
14.633728,TOOL_SETTLE,0.401545000,0.110822000,0.314962000
14.644161,TOOL_SETTLE,0.401545000,0.110822000,0.314962000
14.654669,TOOL_SETTLE,0.401545000,0.110822000,0.314962000
14.665162,TOOL_SETTLE,0.401545000,0.110822000,0.314962000
14.675695,TOOL_SETTLE,0.401545000,0.110822000,0.314962000
14.686140,TOOL_SETTLE,0.401545000,0.110822000,0.314962000
14.696656,TOOL_SETTLE,0.401545000,0.110822000,0.314962000
14.707152,TOOL_SETTLE,0.401545000,0.110822000,0.314962000
14.717708,TOOL_SETTLE,0.401545000,0.110822000,0.314962000
14.728054,TOOL_SETTLE,0.401545000,0.110822000,0.314962000
14.738596,TOOL_SETTLE,0.401545000,0.110822000,0.314962000
14.749074,TOOL_SETTLE,0.401545000,0.110822000,0.314962000
14.759632,TOOL_SETTLE,0.401545000,0.110822000,0.314962000
14.770099,TOOL_SETTLE,0.401545000,0.110822000,0.314962000
14.780594,TOOL_SETTLE,0.401545000,0.110822000,0.314962000
14.791059,TOOL_SETTLE,0.401545000,0.110822000,0.314962000
14.801511,TOOL_SETTLE,0.401545000,0.110822000,0.314962000
14.811973,TOOL_SETTLE,0.401545000,0.110822000,0.314962000
14.822456,TOOL_SETTLE,0.401545000,0.110822000,0.314962000
14.832907,TOOL_SETTLE,0.401545000,0.110822000,0.314962000
14.843375,TOOL_SETTLE,0.401545000,0.110822000,0.314962000
14.853852,TOOL_SETTLE,0.401545000,0.110822000,0.314962000
14.864335,TOOL_SETTLE,0.401545000,0.110822000,0.314962000
14.874791,TOOL_SETTLE,0.401545000,0.110822000,0.314962000
14.885233,TOOL_SETTLE,0.401545000,0.110822000,0.314962000
14.895751,TOOL_SETTLE,0.401545000,0.110822000,0.314962000
14.906241,TOOL_SETTLE,0.401545000,0.110822000,0.314962000
14.916711,TOOL_SETTLE,0.401545000,0.110822000,0.314962000
14.927152,TOOL_SETTLE,0.401545000,0.110822000,0.314962000
14.937625,TOOL_SETTLE,0.401545000,0.110822000,0.314962000
14.948067,TOOL_SETTLE,0.401545000,0.110822000,0.314962000
14.958547,TOOL_SETTLE,0.401545000,0.110822000,0.314962000
14.969008,TOOL_SETTLE,0.401545000,0.110822000,0.314962000
14.979459,TOOL_SETTLE,0.401545000,0.110822000,0.314962000
14.989900,TOOL_SETTLE,0.401545000,0.110822000,0.314962000
15.000376,TOOL_SETTLE,0.401545000,0.110822000,0.314962000
15.010819,TOOL_SETTLE,0.401545000,0.110822000,0.314962000
15.021270,TOOL_SETTLE,0.401545000,0.110822000,0.314962000
15.031717,TOOL_SETTLE,0.401545000,0.110822000,0.314962000
15.042152,TOOL_SETTLE,0.401545000,0.110822000,0.314962000
15.052651,TOOL_SETTLE,0.401545000,0.110822000,0.314962000
15.063149,TOOL_SETTLE,0.401545000,0.110822000,0.314962000
15.073616,TOOL_SETTLE,0.401545000,0.110822000,0.314962000
15.084064,TOOL_SETTLE,0.401545000,0.110822000,0.314962000
15.094513,TOOL_SETTLE,0.401545000,0.110822000,0.314962000
15.104984,TOOL_SETTLE,0.401545000,0.110822000,0.314962000
15.115447,TOOL_SETTLE,0.401545000,0.110822000,0.314962000
15.125893,TOOL_SETTLE,0.401545000,0.110822000,0.314962000
15.136354,TOOL_SETTLE,0.401545000,0.110822000,0.314962000
15.146800,TOOL_SETTLE,0.401545000,0.110822000,0.314962000
15.157279,TOOL_SETTLE,0.401545000,0.110822000,0.314962000
15.167778,TOOL_SETTLE,0.401545000,0.110822000,0.314962000
15.178234,TOOL_SETTLE,0.401545000,0.110822000,0.314962000
